date,buy_and_hold,yield_trend_63d,curve_mean_reversion,vol_scaled_trend,rule_blend,l1_logistic_walkforward
2019-01-02,1.0026067735878674,1.0026067735878674,0.9971932264121325,1.003191912983379,1.0005213547175735,1.0026067735878674
2019-01-03,1.0114153770601608,1.0114153770601608,0.9884321847474249,1.0139474080518536,1.0022794110386435,1.0114153770601608
2019-01-04,1.0018110745436826,1.0018110745436826,0.9978182410944534,1.0027842242442748,1.0003759013851452,1.0018110745436826
2019-01-07,0.9993098011749799,0.9993098011749799,1.000309545349991,1.0000530616816172,0.9998763633655707,0.9993098011749799
2019-01-08,0.9968199728033106,0.9968199728033106,1.0028018646322954,0.9973447852654902,0.9993781153678544,0.9968199728033106
2019-01-09,0.9960658163537744,0.9960658163537744,1.0035605467559015,0.9964768254871332,0.9992268969990831,0.9960658163537744
2019-01-10,0.9961741187480923,0.9961741187480923,1.0034514294583574,0.9966007558149718,0.9992486262189066,0.9961741187480923
2019-01-11,0.9988658654761915,0.9988658654761915,1.0007400188211835,0.9997456416692156,0.9997886370803739,0.9988658654761915
2019-01-14,0.9989732831942645,0.9989732831942645,1.0006323995572546,0.9998707677704852,0.9998101404709017,0.9989732831942645
2019-01-15,0.9982158162973656,0.9982158162973656,1.0013911244715041,0.9989853581823411,0.9996585201828857,0.9982158162973656
2019-01-16,0.9974597639450543,0.9974597639450543,1.002149581813974,0.9980735399887668,0.9995070911705715,0.9974597639450543
2019-01-17,0.9958424248211235,0.9958424248211235,1.003774525280654,0.9961305087707679,0.9991829594147595,0.9958424248211235
2019-01-18,0.9925094363427346,0.9925094363427346,1.0071340617336844,0.9921381413971636,0.9985141256297096,0.9925094363427346
2019-01-22,0.9968982059773691,0.9968982059773691,1.0026806235835843,0.997324450212108,0.9993971899742594,0.9968982059773691
2019-01-23,0.9952830586289667,0.9952830586289667,1.0043051394476568,0.9954201517630581,0.9990733507474038,0.9952830586289667
2019-01-24,0.9988300286813145,0.9988300286813145,1.0007260166823733,0.9995861757586362,0.9997854463114701,0.9988300286813145
2019-01-25,0.9954805277691876,0.9954805277691876,1.004081875646778,0.9956439630664227,0.9991149053449009,0.9987301456784464
2019-01-28,0.9964492178312084,0.9964492178312084,1.003104815717164,0.9967676001102235,0.9993093506710778,0.9987301456784464
2019-01-29,0.9991407764696892,0.9991407764696892,1.000395279311564,0.9999029542184097,0.9998492075282426,0.9987301456784464
2019-01-30,1.0009778136098724,1.0009778136098724,0.9985559356212259,1.0020837473878585,1.000216875462946,1.0004665548113396
2019-01-31,1.0071546023973015,1.0071546023973015,0.9923940916493577,1.0095094560270974,1.001451294107866,1.0066401887460124
2019-02-01,1.0011306805298164,1.0011306805298164,0.9983297289940317,1.0023122965664728,1.000253332179193,1.0006193436530715
2019-02-04,0.9986363153497682,0.9986363153497682,1.0008171154687842,0.9994317703431045,0.9997548963342954,0.9981262524934139
2019-02-05,1.0004719334040575,1.0004719334040575,1.0007170337572373,1.0015561323573792,1.000817510625802,0.9999609329885802
2019-02-06,1.0014457175138007,1.0014457175138007,1.0007170337572373,1.002690016238636,1.001401982906969,1.000934219728964
2019-02-07,1.0058904283780397,1.0058904283780397,1.0007170337572373,1.007869615774825,1.0040686929612774,1.0053766604154772
2019-02-08,1.00774336070965,1.00774336070965,1.0007170337572373,1.0100998321172012,1.0051784388889797,1.0072286463445352
2019-02-11,1.0060963577760764,1.0060963577760764,1.0007170337572373,1.0081132801499229,1.0041927523131142,1.0055824846331443
2019-02-12,1.003580889809006,1.003580889809006,1.0007170337572373,1.0050810941403294,1.0026863271988489,1.0030683014649104
2019-02-13,1.0010769393973582,1.0010769393973582,1.0007170337572373,1.0020895205705875,1.0011852961206937,1.0005656299694001
2019-02-14,1.0055181822976142,1.0055181822976142,1.0007170337572373,1.0073680679985313,1.0038503302933401,1.0050046044632257
2019-02-15,1.005624320327968,1.005624320327968,1.0007170337572373,1.007494201067944,1.0039139074809253,1.0051106882825858
2019-02-19,1.0066033661120117,1.0066033661120117,0.9996426938573635,1.0086685490274978,1.0040692270400686,1.0060892340098204
2019-02-20,1.0067092192437657,1.0067092192437657,0.999537572701065,1.0087956746821898,1.00409034436905,1.0061950330760954
2019-02-21,1.0033179308106401,1.0033179308106401,1.0029047021004778,1.0047205065465414,1.0034138511164643,1.002805476775317
2019-02-22,1.006903236708545,1.006903236708545,0.9993208728544757,1.0089815608601338,1.0041309808493177,1.0063889514446365
2019-02-25,1.0052602080327924,1.0052602080327924,0.9992209407671903,1.007037375613659,1.0031077126053858,1.004746761961177
2019-02-26,1.007983112455969,1.007983112455969,0.9992209407671903,1.0102444042154475,1.0047379570370762,1.007468275635403
2019-02-27,1.00370948403402,1.00370948403402,0.9992209407671903,1.0052227644136644,1.002182035234373,1.0031968300092187
2019-02-28,1.000337062949361,1.000337062949361,0.9992209407671903,1.0013319797431834,1.0001616618812947,0.999826131420232
2019-03-01,0.9978498712099452,0.9978498712099452,0.9966366020081945,0.9984876163200003,0.9976348997844949,0.9973402100373047
2019-03-04,1.0014059888181324,1.0014059888181324,1.0001883957916298,1.002524271378936,1.0011902512817736,1.0008945113250989
2019-03-05,1.0015140770835922,1.0015140770835922,1.0000883769520506,1.0026455221209978,1.0012150426594244,1.0010025443834643
2019-03-06,1.0042221282138102,1.0042221282138102,1.0000883769520506,1.005710917236108,1.0028393881917972,1.0037092123511901
2019-03-07,1.0086810002840267,1.0086810002840267,1.0000883769520506,1.0107492168096492,1.0055110277105608,1.0081658070107125
2019-03-08,1.0105395750896837,1.0105395750896837,1.0000883769520506,1.0128339408264362,1.0066226680383077,1.0100234325318707
2019-03-11,1.008886695834423,1.008886695834423,1.0000883769520506,1.0109367739358541,1.0056347844757696,1.0083713975001787
2019-03-12,1.0116222801125037,1.0116222801125037,1.0000883769520506,1.0140833478178142,1.0072708445312317,1.011105584552954
2019-03-13,1.0117270552772297,1.0117270552772297,1.0000883769520506,1.0142033588419108,1.0073334392194275,1.0112103062027828
2019-03-14,1.0100709251680793,1.0100709251680793,1.0000883769520506,1.0123019543814586,1.0063440763888438,1.0095550219776053
2019-03-15,1.0136887875307643,1.0136887875307643,1.0000883769520506,1.016484524008427,1.0085067845317037,1.0131710364831854
2019-03-18,1.0129098970604145,1.0129098970604145,1.0000883769520506,1.0155863432773586,1.008041839274293,1.0123925438384422
2019-03-19,1.0121324617835434,1.0121324617835434,1.0007559625336495,1.014691271416015,1.007846777818104,1.0116155056439242
2019-03-20,1.0184029658704365,1.0184029658704365,0.9945559397204379,1.0219093074438657,1.0090955683821639,1.0178828070120935
2019-03-21,1.0185056144233458,1.0185056144233458,0.994455694796355,1.0220228901081791,1.0091159104674312,1.0179854031362925
2019-03-22,1.027503903135808,1.027503903135808,0.9856698822030722,1.0322498154171738,1.010898976987269,1.0269790958884712
2019-03-25,1.028505464121226,1.028505464121226,0.9847090989929029,1.033343161164543,1.0110960520489711,1.0279801453172304
2019-03-26,1.0304114799721096,1.0304114799721096,0.9846106280830037,1.0354384605426497,1.012179859950336,1.0298851876526567
2019-03-27,1.032322085707736,1.032322085707736,0.9846106280830037,1.0375376107519736,1.0133059401717788,1.0317948175284992
2019-03-28,1.0324199924452295,1.0324199924452295,0.9846106280830037,1.0376451508286106,1.013363602105041,1.0318926742592092
2019-03-29,1.0307004319172792,1.0307004319172792,0.9846106280830037,1.0356762381452091,1.012350909559337,1.0301739920129127
2019-04-01,1.0235487206272003,1.0235487206272003,0.9913440754264956,1.0274847769855557,1.0109055375962133,1.0230259335263943
2019-04-02,1.0245461364463857,1.0245461364463857,0.9903780420143488,1.028590551243567,1.0111025566837428,1.024022839906103
2019-04-03,1.021056497862592,1.021056497862592,0.9902790042101474,1.0246960607976856,1.008995803001969,1.0205349836879178
2019-04-04,1.0220513158554738,1.0220513158554738,0.9911448077107543,1.025798586811245,1.0099385103964618,1.0215292935681874
2019-04-05,1.0230471592147032,1.0230471592147032,0.9921105370821482,1.026956685819431,1.0109225515529143,1.022524628291089
2019-04-08,1.0213578971600659,1.0213578971600659,0.99201132602844,1.0248110077336838,1.0098805695562,1.020836229042876
2019-04-09,1.0223530088070647,1.0223530088070647,0.99201132602844,1.0260728553732108,1.0104709271103762,1.0218308324272758
2019-04-10,1.0251377615446338,1.0251377615446338,0.99201132602844,1.0296307536093943,1.0121223596329576,1.0246141628262881
2019-04-11,1.0225442429288978,1.0225442429288978,0.99201132602844,1.0263249648871686,1.0105860052348001,1.0220219688744892
2019-04-12,1.0181737166134168,1.0181737166134168,0.99201132602844,1.0208012513712679,1.0079943563586884,1.0176536748462803
2019-04-15,1.0191655058224796,1.0191655058224796,0.99201132602844,1.0220337046771983,1.008583480538062,1.0186449574897103
2019-04-16,1.0148202356574518,1.0148202356574518,0.996141621669163,1.016626647371722,1.0076831065793024,1.0185430929939614
2019-04-17,1.0158085445202025,1.0158085445202025,0.9960420075069961,1.0178325957667764,1.008231614166341,1.0194331731480573
2019-04-18,1.0176827906209258,1.0176827906209258,0.9977801786023849,1.0201251372199769,1.0100515509742258,1.0213141069716876
2019-04-22,1.016011639318592,1.016011639318592,0.9961417096607054,1.018077471052152,1.0083929310384354,1.019636992633421
2019-04-23,1.0178862601450804,1.0178862601450804,0.9979796689151054,1.020391501471247,1.010253494753115,1.0215183025199204
2019-04-24,1.021540655714944,1.021540655714944,1.0015625962260384,1.024961319158002,1.0138804873162515,1.0251857377780909
2019-04-25,1.0207505406149473,1.0207505406149473,1.0007879332437646,1.023976826606398,1.0130962970070954,1.0243928033733873
2019-04-26,1.0235279968892368,1.0235279968892368,1.003511071379696,1.0274601389399112,1.0158529261291203,1.0271801702234233
2019-04-29,1.0209439369169937,1.0209439369169937,1.0009775473342999,1.0241901499261605,1.01328824309937,1.0245868897560368
2019-04-30,1.0237219194214944,1.0237219194214944,1.003701201409067,1.0276751958832224,1.0160453945055936,1.0273747847139894
2019-05-01,1.0229283802033307,1.0229283802033307,1.0029231812733974,1.0266788024692652,1.0152578057545092,1.0265784139731111
2019-05-02,1.0203476262373143,1.0203476262373143,1.0003928985793473,1.0234364651374959,1.012696403940426,1.0239884513085096
2019-05-03,1.021341587632474,1.021341587632474,1.001367421276917,1.024711976796999,1.0136829119742083,1.0249859593768562
2019-05-06,1.024120652142255,1.024120652142255,1.0040921361964106,1.0284183000828093,1.0164411372721414,1.027774940200922
2019-05-07,1.0295977815968984,1.0295977815968984,1.0094621505622308,1.0357578945248036,1.0218771956898862,1.0332716132598467
2019-05-08,1.0260841086426398,1.0260841086426398,1.0093612043471745,1.0311396748542376,1.0197439254963698,1.0297454027465691
2019-05-09,1.0297794938942584,1.0297794938942584,1.0093612043471745,1.0359207136880357,1.0219474563556628,1.0334539739467075
2019-05-10,1.0280724060808717,1.0280724060808717,1.0093612043471745,1.0336955009986502,1.020930993670781,1.031740794868001
2019-05-13,1.034481377301801,1.034481377301801,1.0155525944013561,1.0420282962288994,1.0272546083103857,1.0381726347098805
2019-05-14,1.0327597371579909,1.0327597371579909,1.0138624565670413,1.039843284789159,1.0255449953483875,1.0364448513748306
2019-05-15,1.0373970443491995,1.0373970443491995,1.0184149110165854,1.0457381066060638,1.0301499068401199,1.0410987054995064
2019-05-16,1.0347524108399744,1.0347524108399744,1.0158186686090716,1.042391540291945,1.0275237484391544,1.038444635355416
2019-05-17,1.0357612782192305,1.0357612782192305,1.0168090758864676,1.0436731888631614,1.02852556798589,1.0394571025956933
2019-05-20,1.034036152569361,1.034036152569361,1.0151155163233534,1.0414800970957205,1.0268124938671805,1.0377258213175309
2019-05-21,1.0323166058375841,1.0323166058375841,1.0134274335961369,1.039302798030399,1.0251049596928774,1.0360001388642692
2019-05-22,1.0360432182618138,1.0360432182618138,1.0133260908527773,1.0440001833316337,1.0272843027352463,1.0397400486624486
2019-05-23,1.0434368974890424,1.0434368974890424,1.0133260908527773,1.0533679711416315,1.0316830056903228,1.0471601101656847
2019-05-24,1.042610291688343,1.042610291688343,1.0133260908527773,1.0523455287484993,1.031192629036571,1.046330554853421
2019-05-28,1.0482325499658869,1.0482325499658869,1.0133260908527773,1.0592894279372276,1.0345290422720215,1.0519728745868522
2019-05-29,1.049255460723274,1.049255460723274,1.012235910722111,1.0605330688933132,1.0346895687664521,1.052999435315127
2019-05-30,1.0521400220225543,1.0521400220225543,1.0094531217416296,1.0641149660154237,1.0352584722601303,1.0558942893644738
2019-05-31,1.0597071659043222,1.0597071659043222,1.0021929882477676,1.0736287203320714,1.0367476181248323,1.0634884344823436
2019-06-03,1.0664118487118788,1.0664118487118788,1.0020927689489427,1.081868724098777,1.0406417999669282,1.0702170410749245
2019-06-04,1.0617273735906345,1.0617273735906345,0.997590621855068,1.0762014956877528,1.0360289004217442,1.0655158507146496
2019-06-05,1.0618166935125397,1.0618166935125397,0.997674546145478,1.0763042853899887,1.036116058408605,1.0656054893497098
2019-06-06,1.0619060209486606,1.0619060209486606,0.9977584774961855,1.0764098338656602,1.0362032237278045,1.065695135525798
2019-06-07,1.0648390706091364,1.0648390706091364,1.0005143477011993,1.0799156248944477,1.0390652806834884,1.068638650953493
2019-06-10,1.0592153107943378,1.0592153107943378,0.9952303075696585,1.0732020792168473,1.0335776405961299,1.0629948243249914
2019-06-11,1.0593056803545842,1.0593056803545842,0.9953152180919312,1.07330435988412,1.0336658228154665,1.0630855163437334
2019-06-12,1.0612842689253421,1.0612842689253421,0.997174284224909,1.0756141772816181,1.0355965208386482,1.0650711649543139
2019-06-13,1.0642145404384649,1.0642145404384649,0.9999275441046974,1.0790342241474846,1.0384558668903665,1.0680118923216142
2019-06-14,1.065254182431982,1.065254182431982,1.0009043834785492,1.0802498773721483,1.0394703449740703,1.0690552439867549
2019-06-17,1.0653425308939377,1.0653425308939377,1.0009873949928931,1.080353092246559,1.039556555014586,1.0691439076954823
2019-06-18,1.0682882739536055,1.0682882739536055,1.0037551918151424,1.08382353690672,1.0424309981333608,1.0721001618152135
2019-06-19,1.071245382972379,1.071245382972379,1.0036548162959609,1.0873059257451958,1.0441206212764371,1.0750678224502959
2019-06-20,1.073253171013264,1.073253171013264,1.0054355568329583,1.089715313536186,1.0460358057462693,1.0770827747211442
2019-06-21,1.067557448284584,1.067557448284584,1.0000997401701759,1.0828740945908881,1.040484524767358,1.0713667283992339
2019-06-24,1.072422340170346,1.072422340170346,1.0046572252204884,1.0888490770539423,1.0452260445140804,1.0762489792907808
2019-06-25,1.0744329146497407,1.0744329146497407,1.0065407538471363,1.0912898149852792,1.0471856314525292,1.078266727942765
2019-06-26,1.0696925946086113,1.0696925946086113,1.00209996909211,1.0855295769871907,1.0425655244473604,1.0735094933956304
2019-06-27,1.0736130198795046,1.0736130198795046,1.00577266726969,1.090197996570363,1.0463865289576337,1.0774439076073992
2019-06-28,1.0746625309415103,1.0746625309415103,1.0067558609536498,1.0914394709116055,1.0474094247468428,1.0784971635560383
2019-07-01,1.0718518473574075,1.0718518473574075,1.004122781181991,1.088097766580869,1.0446700192207272,1.075676450833829
2019-07-02,1.076744643701781,1.076744643701781,1.008706407440771,1.0941320261935032,1.0494387357777042,1.0805867057532417
2019-07-03,1.0787656608719336,1.0787656608719336,1.0086055368000268,1.0965979825454288,1.0505786171117713,1.0826149343578049
2019-07-05,1.0710812325173529,1.0710812325173529,1.0086055368000268,1.0870783466957463,1.0460884318527088,1.0749030862702902
2019-07-08,1.070207841699832,1.070207841699832,1.0093271225628335,1.0860446472637009,1.0458759861233773,1.07402657900196
2019-07-09,1.0683772757114567,1.0683772757114567,1.0110535534762657,1.0838955577570304,1.0455181967419773,1.0721894811509396
2019-07-10,1.0684650352733902,1.0684650352733902,1.0109705026486588,1.0839985002391461,1.0455353731123525,1.07227755385832
2019-07-11,1.0628152888241944,1.0628152888241944,1.010869405598394,1.0773711114274893,1.042176451240188,1.0666076478693858
2019-07-12,1.0638533438734705,1.0638533438734705,1.0117556379989034,1.0785576185074508,1.043152661213563,1.067649406927719
2019-07-15,1.0667917721594846,1.0667917721594846,1.0145501692210412,1.0819475574917101,1.0460339129424718,1.0705983201730729
2019-07-16,1.063065215711734,1.063065215711734,1.011006105071555,1.0775782934126854,1.0423798686157604,1.066858466551109
2019-07-17,1.069794183856506,1.069794183856506,1.0174055505379762,1.0853559267246229,1.0489779030796864,1.0736114451363374
2019-07-18,1.0717975193330322,1.0717975193330322,1.0173038099829224,1.0876636512916187,1.050114556455037,1.0756219289550968
2019-07-19,1.0709235444343899,1.0709235444343899,1.0163725404602664,1.0866570619233473,1.0492162578932853,1.0747448355215152
2019-07-22,1.0710106632147902,1.0710106632147902,1.016455221559788,1.0867571019703373,1.0493016108031537,1.0748322651609128
2019-07-23,1.0682191914867993,1.0682191914867993,1.0138059426018775,1.0835331739749319,1.046566721337254,1.0720308328469497
2019-07-24,1.071173961074566,1.071173961074566,1.0166102013073663,1.0869169263971843,1.0494615986661961,1.07499614570342
2019-07-25,1.0683820637286292,1.0683820637286292,1.0165085402872356,1.0837081117958476,1.0477784363282279,1.0721942862528122
2019-07-26,1.0684702476450005,1.0684702476450005,1.0165085402872356,1.0838079842639272,1.0478303263079316,1.0722827848288203
2019-07-29,1.070469954061214,1.070469954061214,1.0165085402872356,1.0860962502943434,1.049006972844177,1.0742896266379802
2019-07-30,1.0705574607320616,1.0705574607320616,1.0165085402872356,1.086196272445631,1.0490584241385594,1.0743774455519037
2019-07-31,1.074479476540989,1.074479476540989,1.0165085402872356,1.090727329788427,1.0513643762475549,1.0783134559770968
2019-08-01,1.0861354191472037,1.0861354191472037,1.0053798149631967,1.104140210396844,1.0536033597184267,1.090010989553857
2019-08-02,1.0901403292783616,1.0901403292783616,1.0016726751944107,1.108480727835376,1.0543803506341398,1.0940301900864806
2019-08-05,1.101071627110073,1.101071627110073,0.9916284799212338,1.1202962283966675,1.0564948941165033,1.1050004931965727
2019-08-06,1.103152310082168,1.103152310082168,0.989754610463502,1.1224381490776603,1.0568941834782795,1.1070886005038016
2019-08-07,1.1052381653777648,1.1052381653777648,0.9878831690707692,1.124611610632902,1.0572938614392184,1.1091818985905215
2019-08-08,1.104305140145042,1.104305140145042,0.9887171250022584,1.1236255641036317,1.0571153511629672,1.1082455441182613
2019-08-09,1.1023672293570916,1.1023672293570916,0.9904521939728886,1.1215778577575999,1.0567443313843472,1.106300718437777
2019-08-12,1.1114777018488664,1.1114777018488664,0.9822666390803775,1.1311999253222838,1.0584910161379444,1.1154436991020664
2019-08-13,1.1084996957501791,1.1084996957501791,0.9848984472010915,1.1280984635920865,1.0579238085914104,1.1124550668216862
2019-08-14,1.1176869818794903,1.1176869818794903,0.9767355727524637,1.1376224845302152,1.0596774308557741,1.1216751352114895
2019-08-15,1.1249384816608152,1.1249384816608152,0.9703985589846945,1.1449696351219607,1.0610524581724927,1.1289525099412425
2019-08-16,1.1218973130933059,1.1218973130933059,0.9730219429684869,1.141908344074404,1.0604787664663458,1.1259004898144394
2019-08-19,1.1168068230753385,1.1168068230753385,0.9774369267911036,1.1368289250951724,1.0595164044904393,1.1207918358068616
2019-08-20,1.1220002549131696,1.1220002549131696,0.9728915999268837,1.1419401539003653,1.0605018078948765,1.1260037989533902
2019-08-21,1.1179412916128162,1.1179412916128162,0.9764111457398489,1.1379503976996446,1.05973451075758,1.1219303523779578
2019-08-22,1.114933565688174,1.114933565688174,0.9790380968491639,1.1350209787845396,1.0591642856509207,1.1189118942247378
2019-08-23,1.1252223010442353,1.1252223010442353,0.9700034205312387,1.145150384812913,1.0611191036542567,1.1292373420547361
2019-08-26,1.123216967329851,1.123216967329851,0.9717321283256489,1.1432343501912943,1.0607408854281228,1.127224852867966
2019-08-27,1.1284539071725015,1.1284539071725015,0.9672014785516257,1.1482521592323798,1.0617300151096005,1.1271121303826792
2019-08-28,1.1306030943698453,1.1306030943698453,0.965359403282319,1.1502977152064848,1.0621344368659533,1.1271121303826792
2019-08-29,1.1275360798929919,1.1275360798929919,0.9679781571845305,1.147375036261922,1.0615581812886505,1.1271121303826792
2019-08-30,1.1276031951358427,1.1276031951358427,0.9679205394370791,1.147438494639219,1.0615708188860469,1.1271121303826792
2019-09-03,1.1307900038036893,1.1307900038036893,0.9651850225653897,1.1505544342933576,1.0621708567542887,1.1301848400005086
2019-09-04,1.130855966553911,1.130855966553911,0.96512872010574,1.1506183418161025,1.0621832487476175,1.1302507674495086
2019-09-05,1.1204763763272318,1.1204763763272318,0.9739871785893823,1.1403305338706324,1.060233393559385,1.1198767320581886
2019-09-06,1.122605188619914,1.122605188619914,0.9721366836369654,1.1423292236693523,1.0606362646825978,1.122004405076435
2019-09-09,1.11441383605782,1.11441383605782,0.9792301073935441,1.134608548998262,1.059088428333322,1.1138174362726454
2019-09-10,1.105299703421616,1.105299703421616,0.9872386521471879,1.1261292103393008,1.0573560965734357,1.1047081812380743
2019-09-11,1.1023524987019555,1.1023524987019555,0.9898710552918123,1.1234792166752479,1.0567922232875682,1.1017625537711406
2019-09-12,1.0984159486303429,1.0984159486303429,0.9934059290986795,1.1199576226586132,1.0560374528294505,1.097828110419259
2019-09-13,1.0875204719581357,1.0875204719581357,1.0032597837700574,1.110258489403538,1.053942430184044,1.086938464668866
2019-09-16,1.0934945000228862,1.0934945000228862,0.9977486212135622,1.1153500701576813,1.0551003452429144,1.0929092956187394
2019-09-17,1.0965458859367432,1.0965458859367432,0.9949644132561581,1.1179232776057815,1.055689194721556,1.0959590485253197
2019-09-18,1.0976194914181423,1.0976194914181423,0.9939902641014637,1.1188284885549467,1.0558959154289413,1.0958494526204672
2019-09-19,1.0986942361805991,1.0986942361805991,0.9930169889012428,1.1197361602859013,1.0561026935726752,1.0958494526204672
2019-09-20,1.103761496191258,1.103761496191258,0.9884371202607587,1.1240188805142186,1.05707685849865,1.0958494526204672
2019-09-23,1.1058478823510687,1.1058478823510687,0.9865687261061599,1.1257913745447454,1.057476486594944,1.0958494526204672
2019-09-24,1.1139877472756525,1.1139877472756525,0.9793068447050309,1.1327457630330484,1.05903324967225,1.0958494526204672
2019-09-25,1.1048823885551502,1.1048823885551502,0.9873113673223486,1.1251080261675788,1.0573020138200089,1.0958494526204672
2019-09-26,1.1079781528557475,1.1079781528557475,0.984545024663446,1.127656257617409,1.0578945036385161,1.0958494526204672
2019-09-27,1.1090639526928774,1.1090639526928774,0.9835801872028236,1.128551557174724,1.05810184738023,1.0958494526204672
2019-09-30,1.1101509101860718,1.1101509101860718,0.982616212265182,1.129447802373598,1.0583092496186275,1.0958494526204672
2019-10-01,1.113267240711561,1.113267240711561,0.9798578873662642,1.1320258909792604,1.0589034105367032,1.0988160522454355
2019-10-02,1.1184329554536871,1.1184329554536871,0.9797599015775276,1.1363150053306255,1.0618091298083758,1.1039147114643497
2019-10-03,1.1246599456439392,1.1246599456439392,0.9797599015775276,1.1414521218691054,1.0653561685484252,1.1100608698421444
2019-10-04,1.1267986502364395,1.1267986502364395,0.9797599015775276,1.1432384122082369,1.0665717264452712,1.1121718121669615
2019-10-07,1.1227143985407255,1.1227143985407255,0.9797599015775276,1.1398238825266134,1.0642521563704825,1.1081405776524231
2019-10-08,1.1248481088739084,1.1248481088739084,0.9797599015775276,1.1415993053330742,1.0654657183375036,1.1102465905478036
2019-10-09,1.1197410453554064,1.1197410453554064,0.9797599015775276,1.1373511469921265,1.0625632458752705,1.1052058212080176
2019-10-10,1.1115897801184267,1.1115897801184267,0.9797599015775276,1.130542695423645,1.0579222255871665,1.097160366566975
2019-10-11,1.1025198324380774,1.1025198324380774,0.9797599015775276,1.1231361139953897,1.0527429952231027,1.0882081547891236
2019-10-15,1.1015939340279504,1.1015939340279504,0.9797599015775276,1.122395943845354,1.0522125377908438,1.087294275355156
2019-10-16,1.1036743685467245,1.1036743685467245,0.9797599015775276,1.1240621158019315,1.0534048424416345,1.0893477040030821
2019-10-17,1.1027465339547668,1.1027465339547668,0.9797599015775276,1.1233097879487237,1.0528734979726457,1.088431913520628
2019-10-18,1.1028235511730113,1.1028235511730113,0.9797599015775276,1.1233721633531273,1.052917618385894,1.088507930987604
2019-10-21,1.0988878694863702,1.0988878694863702,0.9761654250838735,1.1201827191605633,1.0491179208933565,1.0846233379126784
2019-10-22,1.1009613509099623,1.1009613509099623,0.9780073426547812,1.1218542200349373,1.0510974918582692,1.0866699037227163
2019-10-23,1.1020395459178225,1.1020395459178225,0.9789651261715498,1.122725334043087,1.0521268541220392,1.0877341028105565
2019-10-24,1.1021169510764046,1.1021169510764046,0.9790338868173165,1.1227878293441198,1.0522007535082214,1.0878105031820633
2019-10-25,1.0991883441571648,1.0991883441571648,0.9764323431133538,1.1204091234994986,1.049404786706201,1.0849199121578263
2019-10-28,1.0942780202769855,1.0942780202769855,0.9720703981589199,1.1164326571987884,1.0447168572794303,1.0800733286027255
2019-10-29,1.0953490579081824,1.0953490579081824,0.9730218236260395,1.117293435283074,1.0457393863327038,1.08113046322295
2019-10-30,1.1013822021201574,1.1013822021201574,0.9783811937199397,1.122144488438008,1.051499282212777,1.0870852919138514
2019-10-31,1.1104672981727697,1.1104672981727697,0.9864516774302307,1.1294012803101674,1.060172903376953,1.096052455424763
2019-11-01,1.1064863257812108,1.1064863257812108,0.9829152951343102,1.1261715378173394,1.056372233996083,1.0921231595581256
2019-11-04,1.1005136925463193,1.1005136925463193,0.977609678226069,1.1213309899499253,1.0506701084784205,1.0862280563585751
2019-11-05,1.0935953918568477,1.1072118904972814,0.9714640048403463,1.1269040616806165,1.0518650205773772,1.079399561300198
2019-11-06,1.098623939361671,1.1021207318926194,0.9759309703505713,1.1227277970342437,1.0508976878208531,1.0843628338332574
2019-11-07,1.0877388078989931,1.1130405094657938,0.9662614769687531,1.1316311508338082,1.0529801400733318,1.0736190009559445
2019-11-08,1.0858593372359797,1.1149636981661466,0.964591903275533,1.1331423310252207,1.0533440225178363,1.0717639274760822
2019-11-12,1.0878998340996766,1.1128685097276194,0.9664045199615866,1.1314933840581292,1.0529481434015207,1.073777936894839
2019-11-13,1.091907994709434,1.1087683567680218,0.9699650541289689,1.128185667327172,1.0521722658546706,1.0777340680526768
2019-11-14,1.0979114686318572,1.1026721820462346,0.9752980674747268,1.123284018079102,1.0510152656695706,1.0836596116004946
2019-11-15,1.095999639966791,1.1045923006951763,0.9735997494812866,1.1248504948652887,1.0513812990283136,1.0817726001539214
2019-11-18,1.099058016449633,1.10150994647499,0.9763165702437502,1.1222914465194078,1.05079452514223,1.084791276218627
2019-11-19,1.1011312062847058,1.099432131482438,0.9781582287903854,1.1205692124081237,1.0503980953822591,1.086837554225221
2019-11-20,1.107209762629174,1.093362954512435,0.9835579394457296,1.1155110564536508,1.0492383963435867,1.0928372055591729
2019-11-21,1.1032507407525936,1.0972724647082976,0.9800410562582985,1.118760714763118,1.0499887433699728,1.0889295752705128
2019-11-22,1.103328230983194,1.0971953943804194,0.9801098924753451,1.118696671964402,1.0499739935281016,1.0890060596097282
2019-11-25,1.1044088337477103,1.096120798133276,0.9810698148534708,1.1178015286273757,1.0497683240331652,1.0900726351994243
2019-11-26,1.1064952032884092,1.0940500857518916,0.9829231812124336,1.116013479104555,1.0493716947072984,1.0921319218274677
2019-11-27,1.1035488751084355,1.0969632756042957,0.9803058953363187,1.1185228638061702,1.049930539135398,1.089223839580056
2019-11-29,1.1026230785864235,1.0978835472916095,0.9802078647467851,1.119320629375771,1.0504170307175875,1.088310060711606
2019-12-02,1.097691268881655,1.1027941580328433,0.9802078647467851,1.1235892981345004,1.0532360122934794,1.0834422702368267
2019-12-03,1.108714206127401,1.0917199779390576,0.9899530212608811,1.114012285927552,1.0510785787055292,1.0943221200568736
2019-12-04,1.103736574608844,1.096621312964437,0.9855085744112908,1.1180790857648146,1.0520223533650277,1.0894091025757722
2019-12-05,1.1008036639351986,1.0995353165661392,0.9828898258046459,1.1204901620120473,1.0525814519144603,1.0865142636636493
2019-12-06,1.0968853577975455,1.1034491080265219,0.979391233491354,1.1237211375185543,1.0533307837887151,1.0826468205877953
2019-12-09,1.0979590338488618,1.1023690071092178,0.9803499015096603,1.1228045480007451,1.053124575176552,1.0837065593791244
2019-12-10,1.0960486041549444,1.1042871100801939,0.9786441096681308,1.1244303034568441,1.053491058879092,1.0818209287438234
2019-12-11,1.1020829083942263,1.098207448681529,0.9840320425365564,1.119179477549918,1.0523310582115046,1.0877769024038562
2019-12-12,1.0911510581837296,1.1091008571879095,0.9742711699112723,1.1287183226930593,1.0544187279163155,1.076986957229184
2019-12-13,1.0991155974795772,1.1010052985630248,0.9813825785099002,1.121886175238756,1.0528794434460707,1.0848481097961302
2019-12-16,1.0922184069650722,1.1079143473647,0.9752241884123337,1.1276272008885426,1.0542008531552778,1.0780404508840715
2019-12-17,1.0923003233455946,1.1077758580712793,0.9752973302264647,1.127511696402535,1.0541534141168858,1.0781213039178879
2019-12-18,1.0894217287293424,1.1104736809799451,0.9727270795508666,1.1298316000037127,1.0545825285322958,1.0752800759929346
2019-12-19,1.0895047322896267,1.1103890734613944,0.9728011920902611,1.1297588129874676,1.0545664587032897,1.0753620020939627
2019-12-20,1.0895877421739917,1.1103044723891307,0.9728753102763251,1.1296860071303583,1.054550389119157,1.0754439344369795
2019-12-23,1.088687917588418,1.1112214056686245,0.9720718714260151,1.1304749607118014,1.0547245669903142,1.0745557903663776
2019-12-24,1.0917158407346623,1.1081308110542567,0.97477545513605,1.1277906759935423,1.0541378745364516,1.0775444084055936
2019-12-26,1.0917981526432892,1.108047261508979,0.974848950110842,1.1277180606091295,1.0541219788065974,1.0776256518332115
2019-12-27,1.0938522068726406,1.1059626370220135,0.9766829819821236,1.1258639038119078,1.053725344373103,1.0796530426310862
2019-12-30,1.0919562921713815,1.107879542074999,0.974990150343283,1.1276091882587622,1.054090617370485,1.0777817385710653
2019-12-31,1.090066600502065,1.1097967898222527,0.9733028751492314,1.1293619396378174,1.054455449969121,1.0759165767625563
2020-01-02,1.0940827441516872,1.10570795403207,0.9768888249979739,1.1256251141348574,1.053678461745236,1.0798805873333763
2020-01-03,1.1020761114977322,1.0976296529152059,0.9840259736973711,1.1182853376006228,1.0521388270047436,1.0877701937370596
2020-01-06,1.1011544424370332,1.0985476033912605,0.9832030302677667,1.119100744791207,1.052314808281226,1.0868604887518427
2020-01-07,1.099235479753207,1.1004620231820477,0.9814896194572603,1.1208215577808804,1.0526815784218904,1.084966435892351
2020-01-08,1.0953303529442118,1.1043715073900848,0.9780027947538278,1.124386562635922,1.0534295264510338,1.081112001065871
2020-01-09,1.0973928647858797,1.1022919710150816,0.9798443782906503,1.1224939861518421,1.0530328039705825,1.0831477396888116
2020-01-10,1.0994604748590928,1.1002151304814618,0.9816905139561398,1.1205989946110462,1.0526359978125002,1.0851885103637653
2020-01-13,1.097547432683834,1.102129485744427,0.979982389472183,1.1223459074075186,1.0530023114918108,1.0833003011594295
2020-01-14,1.1006089976689561,1.0990551393042236,0.9827160114372108,1.1195200309568052,1.0524148498641646,1.0863221243368497
2020-01-15,1.1036825076771035,1.0959859685293964,0.9854602989205187,1.116642757969918,1.0518270648141366,1.0893557374803846
2020-01-16,1.101756156254133,1.0978988865246955,0.9853617528906267,1.118483585972404,1.05288649794312,1.0874543917940849
2020-01-17,1.0988365722975333,1.1008082489610844,0.9853617528906267,1.121284020575511,1.0545605474195303,1.0845727066064927
2020-01-21,1.1048889256165053,1.0947450357161697,0.9853617528906267,1.1154576832631387,1.0510754579038695,1.0905464950532782
2020-01-22,1.1059709669823126,1.0936729284787872,0.9853617528906267,1.11444070633899,1.0504578534926012,1.0916144905699545
2020-01-23,1.1090651775967955,1.0906131244829327,0.9853617528906267,1.1115436282649114,1.0486945136198311,1.094668535607738
2020-01-24,1.1131814221836185,1.094442762495241,0.9853617528906267,1.1151816445766423,1.050903979258471,1.0987313477175047
2020-01-27,1.122398748183612,1.1035049292986214,0.9853617528906267,1.1237468754808362,1.0561249743515337,1.1078290247147173
2020-01-28,1.1183540947835287,1.0995283612816673,0.9888140463742184,1.1200990281459882,1.055321563238407,1.1038368744750857
2020-01-29,1.1235434132356266,1.1046303257135213,0.9842258117529319,1.1247445678725092,1.0563009309872362,1.1089588310070446
2020-01-30,1.1267068028745417,1.1077404646596705,0.9814546774126168,1.127562222733206,1.0568957440369675,1.1120811570646452
2020-01-31,1.1329883603910025,1.1139162820278785,0.975982922036473,1.1332013452335483,1.058074214139062,1.118281174436735
2020-02-03,1.1299233214257502,1.110902838176376,0.9786232189627628,1.1304810532620848,1.0575017389384613,1.1152559223745038
2020-02-04,1.1227135525022345,1.1038144343813086,0.984867578326021,1.1240388665838792,1.056152206093287,1.108139742596254
2020-02-05,1.1176383854936933,1.0988246998328672,0.9893196199266253,1.1194620955467878,1.0551973500981107,1.1031304557216604
2020-02-06,1.1187340319609256,1.0999019028138186,0.9892206879646327,1.120446484834305,1.0557758026595137,1.1042118797335727
2020-02-07,1.124948679568507,1.106011936596303,0.9892206879646327,1.1261104228342147,1.0592947487425106,1.1103458557462815
2020-02-10,1.1281172160837825,1.109127135779238,0.9863355215733984,1.129020236476314,1.0598491000125172,1.113473261869258
2020-02-11,1.1250758381315527,1.1061369546447908,0.9889946593527406,1.126210890809443,1.059277634274824,1.1104713636792785
2020-02-12,1.1220489173165473,1.1031609872843848,0.9916554653347581,1.123267946151434,1.0587076550056254,1.10748373496016
2020-02-13,1.1231492755250887,1.1042428226918857,0.9906829798980843,1.1243326592256209,1.0589153032891632,1.108569809550833
2020-02-14,1.1252805896565996,1.1063382594997155,0.9888030368834597,1.1263971392309335,1.0593171877401715,1.110673457349348
2020-02-18,1.1294828848743819,1.1104698156821287,0.9851104091856053,1.1304848513078738,1.0601083794825819,1.1148212030771592
2020-02-19,1.128513480854628,1.1095167300554638,0.9859559022898874,1.1295335640831707,1.0599264071236896,1.1138643827746628
2020-02-20,1.1327330833879479,1.113665302211959,0.9822693339913026,1.1336774179349594,1.0607190371150026,1.1180292111538253
2020-02-21,1.1390625352608699,1.1198882077104113,0.9767806389342556,1.1398749945200775,1.0619044479049886,1.1242765011714821
2020-02-24,1.1475500805998649,1.1282328785632465,0.96950231162336,1.148078657838793,1.0634869707021606,1.1326538707028875
2020-02-25,1.152938179216326,1.1335302770078137,0.9649502017396823,1.153223141720635,1.0644856500229742,1.1379720270577487
2020-02-26,1.15299902873134,1.133590102216878,0.9648992738123682,1.1532812062580164,1.0644968862603912,1.13803208669251
2020-02-27,1.1562787529898473,1.136814617472138,0.9621546023282816,1.1564149088551123,1.0651024819589088,1.141269237243965
2020-02-28,1.1746597890816557,1.1548862377102678,0.9468595029194534,1.1739350758946803,1.068488808502009,1.1594116713118825
2020-03-02,1.178026973487541,1.1581967408587834,0.9467648169691615,1.1768144914587342,1.0702837749240925,1.1627351467010374
2020-03-03,1.1869566633080029,1.1669761133856453,0.9467648169691615,1.1845083383858241,1.075151559284743,1.1715489212894503
2020-03-04,1.187004706791994,1.1670233481330918,0.9467084619205324,1.1845474547068453,1.075152071261676,1.1715963411267407
2020-03-05,1.198283183187014,1.178111969104047,0.9557037329414816,1.1942256175342258,1.0853677655949812,1.182728412973028
2020-03-06,1.218843623744974,1.1983263069594456,0.972101935025819,1.2119155734779332,1.1039907753652507,1.2030219609192376
2020-03-09,1.2422928243399676,1.2213807771168326,0.9908040989696747,1.230443939952837,1.125230334437661,1.2261667702550743
2020-03-10,1.2157834869853361,1.1953176827926306,0.9907050185597778,1.211411809991583,1.110778523565526,1.2000015474276782
2020-03-11,1.2088213257017024,1.1884727185519852,0.9907050185597778,1.2069930932112927,1.106962012164815,1.1931297611242486
2020-03-12,1.2019243898470948,1.1816918817727813,0.9849534758367867,1.2026686107647837,1.1006019566302163,1.1863223535663778
2020-03-13,1.1950919110593672,1.1749744170270415,0.9793543934091394,1.1984147475400295,1.094345456981878,1.1795785663659362
2020-03-16,1.2189832430537408,1.198463575996585,0.9989328716304048,1.2132115774982708,1.116222745571433,1.203159767846511
2020-03-17,1.1850468832520646,1.165098481475404,0.971122690036402,1.1932269312978947,1.0851472267500009,1.1696639318592559
2020-03-18,1.1671557971123256,1.1475085636519402,0.9564612956685973,1.183965745221521,1.0687643622553868,1.1520050877618713
2020-03-19,1.1737795496294052,1.1540208157057492,0.961889331009165,1.1873121733083647,1.0748297312936668,1.1585428581423383
2020-03-20,1.1959237110710326,1.1757922149928257,0.9800360372127028,1.1984434255537508,1.0951071361091984,1.1803995688814615
2020-03-23,1.2141685232822077,1.1937299044652536,0.9949873031618633,1.2071791142549861,1.1118139075064615,1.198407547374594
2020-03-24,1.204885766389459,1.1846034081953618,0.9873802658606036,1.202867523505344,1.103313688619663,1.1892452888351936
2020-03-25,1.200321767138687,1.1801162366988749,0.9836401579438849,1.2007608590001753,1.0991344352923407,1.1847405343110426
2020-03-26,1.2060847535460946,1.1857822122876278,0.9883628123314028,1.2034180883921874,1.1044116009523477,1.1904287120834203
2020-03-27,1.2188053516528952,1.1982886791178855,0.998787093114664,1.20926234233896,1.1160598504463382,1.2029841856325938
2020-03-30,1.221183972263816,1.2006272593892287,1.0007363260765822,1.210338809363777,1.118237952929801,1.2053319296547849
2020-03-31,1.2212178940408234,1.2006606101464339,1.0007641243078622,1.2103541516491352,1.1182690150951602,1.2053654110972751
2020-04-01,1.230655721601352,1.2099395667131334,1.008498238981476,1.2146273322960093,1.126911232165718,1.2146807273507245
2020-04-02,1.22949628914896,1.208799651483832,1.0075481068154029,1.2141057079405122,1.1258495400688917,1.2135363453518717
2020-04-03,1.230714972770842,1.209997820482308,1.0085467941533564,1.214653764200322,1.1269654884514078,1.2147392093878928
2020-04-06,1.22479641341717,1.2041788907733317,1.0036966507861125,1.2119840645506355,1.1215458646713194,1.2088974781429984
2020-04-07,1.2153822062705082,1.1949231570079548,0.995981892578625,1.2077446436638026,1.1129252768096682,1.1996054756896577
2020-04-08,1.213084946718853,1.1926645682103172,0.9940993334098324,1.2067144534678842,1.1108216766341523,1.1973380365885846
2020-04-09,1.2177750306549047,1.1972757019545708,0.9979427652544662,1.208822315836171,1.1151163856860546,1.201967239107845
2020-04-13,1.2142994798729212,1.1938586566075824,0.9950946195207755,1.2072643571659003,1.1119338244340067,1.1985368040335167
2020-04-14,1.2143361016032665,1.1938946618686548,0.995124630310888,1.2072806340418099,1.1119673589461723,1.198572950381575
2020-04-15,1.2295187984401446,1.2088217818664762,1.0075665527382727,1.2140878828822435,1.1258701518229497,1.2135585624526481
2020-04-16,1.2319254723366184,1.2111879431904007,1.0095387748177658,1.2151450161770208,1.1280739426951585,1.2159339956040587
2020-04-17,1.2271889599755053,1.2065311625706514,1.005657295788943,1.2130651265929557,1.1237367191424295,1.2112589673415515
2020-04-20,1.2295894815822637,1.2088912751689884,1.0076244761876192,1.2141191228912895,1.125934876364006,1.213628328065381
2020-04-21,1.2355604026078286,1.2147616851234067,1.0125175289185195,1.2167438461477216,1.131402447718022,1.2195217412815886
2020-04-22,1.2296036227165068,1.2089051782594618,1.007636064569919,1.2141309321272,1.1259478253981952,1.2136422856352576
2020-04-23,1.2320104626489714,1.2112715028244219,1.0096084227126516,1.2151842158379067,1.128151768309532,1.2160178826673655
2020-04-24,1.2332319505263853,1.2124724288731956,1.0106094080830412,1.2157183730563605,1.1292702845483553,1.2172235145572141
2020-04-27,1.2249068601963955,1.2042874783546147,1.0037871597565706,1.2120782809615345,1.1216470007680206,1.2090064912258358
2020-04-28,1.23084419156873,1.2101248640848228,1.0086526864251157,1.2146772562124346,1.127083814082363,1.2148667508120712
2020-04-29,1.2296845815539275,1.2089847742820947,1.0077024087501278,1.2141700817063565,1.126021959391668,1.2137221935557243
2020-04-30,1.2285271955246349,1.2078468710275763,1.0067539535876682,1.2136634690554413,1.1249621412041215,1.2125798314155984
2020-05-01,1.228558396215315,1.207877546503666,1.006779521942045,1.2136771045758135,1.1249907116712,1.2126106270938568
2020-05-04,1.2285895976983936,1.2079082227588154,1.006805090945777,1.213690691796393,1.1250192828638774,1.2126414235542275
2020-05-05,1.2262479445161898,1.2056059876276275,1.00488615206701,1.2126620865560318,1.1228750314485196,1.2103301670909974
2020-05-06,1.2191827473321835,1.198659721934054,0.9990963614756531,1.2095379237901729,1.1164054316048184,1.2033566823838544
2020-05-07,1.22976793617105,1.209066725755244,1.007770716224837,1.2142244232778083,1.1260982872002014,1.2138044661565643
2020-05-08,1.2226694282802726,1.2020877100882945,1.0019536281622796,1.211114231810358,1.119598184748051,1.2067981031449377
2020-05-11,1.2179928197385905,1.1974898249013253,0.99812123913917,1.2090665822501272,1.1153158151124505,1.2021822010975696
2020-05-12,1.2227100435053773,1.2021276416199183,1.0019869115430617,1.2111306199846419,1.1196353761026792,1.2068381911486787
2020-05-13,1.228631326042112,1.2079492486714505,1.0068392865054423,1.213718706619059,1.1250574935010287,1.2126826102273234
2020-05-14,1.229848997402567,1.20914642244833,1.0078371443150003,1.214249777346082,1.1261725149559305,1.2138844751419617
2020-05-15,1.2286914566241551,1.2080083670496502,1.0068885623386707,1.2137451814799645,1.125112555064642,1.2127419602614962
2020-05-18,1.2180439266562628,1.1975400715143616,0.9981631202563397,1.2091040617680726,1.1153626137081545,1.2022326446024758
2020-05-19,1.2215908140836604,1.2010272526664563,1.0010697249725162,1.2106412538024054,1.1186104979141132,1.205733490309784
2020-05-20,1.2239764412834608,1.2033727215817671,1.0030246996966692,1.211674029322875,1.1207950163298053,1.2080881499691651
2020-05-21,1.224009469219178,1.2034051935440957,1.0030517654425342,1.2116882887929366,1.1208252600048492,1.208120749173212
2020-05-22,1.2264013973912302,1.2057568573646935,1.0050119036899279,1.2127251447853236,1.1230155482197461,1.21048162801268
2020-05-26,1.2228844167475414,1.2022990795626076,1.0021298069967302,1.2111953872204,1.1197950496504752,1.2070103008727098
2020-05-27,1.2240956291361769,1.203489903094307,1.003122371805499,1.2117228774451854,1.1209041566259952,1.2082057906586667
2020-05-28,1.2217695948964011,1.2012030239851992,1.0012162323438694,1.2107103175112954,1.1187742074735267,1.205909950390247
2020-05-29,1.227683628675668,1.2070175043007028,1.0060626670916042,1.2132862259690904,1.1241896871859123,1.2117472148066746
2020-06-01,1.226530383722288,1.2058836724135922,1.0051176054596764,1.2127720538565225,1.123133660980865,1.2106089399876518
2020-06-02,1.2241961911666401,1.2035887723210377,1.0032047804181192,1.211733151095882,1.1209962412599583,1.2083050473054793
2020-06-03,1.2136125586597617,1.1931832986334325,0.9945317010524902,1.206994370258773,1.1113048107975085,1.1978587996621988
2020-06-04,1.2078308397566417,1.1874989058810912,0.9897936957519541,1.2044173787870134,1.1060104917944062,1.192152132558388
2020-06-05,1.1974742615921312,1.1773166644328548,0.9813066829688889,1.1997579995991705,1.0965269749541295,1.181929991892302
2020-06-08,1.2009364817514279,1.1736772619755849,0.9841439045186117,1.1980416689759954,1.095761320836505,1.1853472693871572
2020-06-09,1.2055576194651116,1.1691610162445045,0.9879308362855861,1.195799929056102,1.094918034943894,1.189908420666689
2020-06-10,1.2159629459230157,1.159069833658577,0.9964577973394614,1.1904730860552684,1.0930279586150178,1.2001786768304212
2020-06-11,1.2265045950523377,1.168886440611066,1.0050964721501943,1.195640802779561,1.1023726738358004,1.2105834860773317
2020-06-12,1.220621052249255,1.1632792921070814,1.0049959625029792,1.1927161146434935,1.0991557297584686,1.2047763168373853
2020-06-15,1.2206554427630287,1.1633120670395176,1.0049959625029792,1.1927331847090608,1.0991743107243765,1.2048102609320261
2020-06-16,1.2159925864384433,1.1588682601803244,1.0049959625029792,1.1902559860675106,1.096655028849887,1.2002079325858748
2020-06-17,1.2171960784538554,1.1600152151154086,1.0049959625029792,1.1909874432517213,1.097306257608484,1.2013958022158466
2020-06-18,1.220739085601796,1.1633917805444514,1.0049959625029792,1.1932963788792248,1.09922267714828,1.2048928180131397
2020-06-19,1.2219478718601857,1.1645437810120636,1.0049959625029792,1.1940885006741808,1.0998757529526282,1.2060859131621566
2020-06-22,1.2208056241084382,1.1634551932365085,1.0049959625029792,1.1932582326279775,1.0992588703662542,1.2049584927914114
2020-06-23,1.2196655633910765,1.1623686897538692,1.0049959625029792,1.1923673924869227,1.0986429384775567,1.2038332310654212
2020-06-24,1.2232185886976292,1.1657548027131934,1.0049959625029792,1.1951814003774024,1.100563222011228,1.2073401349768118
2020-06-25,1.224430132068654,1.1669094307711034,1.0049959625029792,1.1961441196190228,1.1012172572368246,1.2085359514487153
2020-06-26,1.2291825923318729,1.1714386321973584,1.0049959625029792,1.1999488682802848,1.1037817929105818,1.2132267205955247
2020-06-29,1.2292138096675513,1.1714683830197636,1.0049959625029792,1.1999710970689692,1.1037986124426642,1.2132575327027146
2020-06-30,1.2268709667569415,1.169235601078513,1.0049959625029792,1.1980233632086212,1.102536329152208,1.2109451019547999
2020-07-01,1.2233526395179426,1.1658825561572888,1.0049959625029792,1.195102389894689,1.100639267258684,1.2074724456995118
2020-07-02,1.2245643156603168,1.1644946250540675,1.0049959625029792,1.193868802445385,1.099853110129364,1.2086683932192759
2020-07-06,1.2234173751393804,1.1655853036364878,1.0049959625029792,1.1948399140038983,1.1004711909028864,1.2075363409956157
2020-07-07,1.2281638411811702,1.161063207436988,1.0049959625029792,1.1908133290593,1.097909506275679,1.212221193731265
2020-07-08,1.22582477025403,1.1586197188223568,1.0049959625029792,1.1886295645645946,1.096523158300153,1.2099124860031552
2020-07-09,1.231766550892149,1.1642357451739984,1.0049959625029792,1.1937746647779548,1.099712178572546,1.2157771370997896
2020-07-10,1.2282245031772718,1.1608878879377509,1.0049959625029792,1.1907303197724612,1.097814789977452,1.2122810682812744
2020-07-13,1.2294416169979365,1.16203827427917,1.0049959625029792,1.1917781508041476,1.0984675202641163,1.2134823828934795
2020-07-14,1.2306600914211734,1.1631899466290037,1.0049959625029792,1.192830820230971,1.0991207214701078,1.214685040446438
2020-07-15,1.229501787236519,1.1620951457232782,1.0049959625029792,1.191830087009457,1.0985000223152426,1.213541772069415
2020-07-16,1.231907629907761,1.1595887827937281,1.0049959625029792,1.1893723051232472,1.0970785002940002,1.2159163847856285
2020-07-17,1.2295560972543433,1.1618022692768668,1.0049959625029792,1.1915502500674975,1.0983349983564388,1.2135953770954147
2020-07-20,1.2319620461973773,1.1638432796338456,1.0049959625029792,1.1935708208374824,1.0994927064276099,1.215970094703919
2020-07-21,1.2331833297264714,1.1649970348426615,1.0049959625029792,1.194712570444258,1.1001466838793652,1.2171755248980687
2020-07-22,1.2344059804535203,1.1636089886252756,1.0049959625029792,1.19332383694869,1.099360216070028,1.2183823045427409
2020-07-23,1.2356300005561105,1.1645300856004543,1.0049959625029792,1.1942591754045229,1.0998823591848814,1.2195904357872547
2020-07-24,1.2356589299886631,1.164557350392141,1.004871933239353,1.1942866824165155,1.099843514133307,1.2196189896903147
2020-07-27,1.2320983893777147,1.1612016883731016,1.007767463098174,1.1908775294292673,1.0992096762023504,1.216104668029793
2020-07-28,1.235702018385509,1.1645979594210933,1.0048199549328838,1.1944000340349687,1.0998526676889007,1.2196615187618514
2020-07-29,1.2369274814670197,1.1657529076066906,1.0038234608428729,1.195608043130041,1.1000708155626275,1.2208710742541495
2020-07-30,1.2405510542545293,1.1691679748408295,1.0008827651022787,1.1991836059742764,1.1007153459383094,1.224447609878112
2020-07-31,1.2405781297735705,1.1691934923958358,1.0008609204387546,1.1992097414679774,1.1007201506481528,1.2244743339330895
2020-08-03,1.239401344170955,1.1680844207174772,1.0018103154773468,1.1980530119049129,1.1005113267789093,1.223312824043174
2020-08-04,1.2442371566174348,1.1726419736092915,0.9979015196579927,1.2028029241160199,1.1013701069305621,1.2280858633885552
2020-08-05,1.2406346919025397,1.1692467998591225,1.0007907638783478,1.199282656828491,1.100732343152627,1.2245301618358495
2020-08-06,1.2406617692470059,1.1692723191345162,1.000768921222787,1.199307639599185,1.1007371479366646,1.2245568876925563
2020-08-07,1.2382809614291412,1.167028506398755,1.0026893789418712,1.1968323720622265,1.1003146889438624,1.2222069848552923
2020-08-10,1.2359083105385513,1.1647923812290237,1.0046106164655313,1.1943177230838418,1.0998930297715146,1.219865133061209
2020-08-11,1.2299535879080832,1.1591803018432327,1.009450925023752,1.1879624046370159,1.0988331521317858,1.2139877079706751
2020-08-12,1.2240461002715572,1.1536127394823714,1.0142993346856157,1.1817085293440401,1.0977776093333191,1.2081569047222949
2020-08-13,1.2217219209469605,1.1555724596613473,1.0141979047521472,1.183908356175578,1.0989404419922535,1.205862895290623
2020-08-14,1.2217563424772728,1.1555399018658568,1.0141979047521472,1.1838716658494683,1.0989218646657342,1.2058968699991806
2020-08-17,1.2241415070868027,1.1532840078033453,1.0160764451758086,1.181341431997273,1.0984488354059083,1.20825107307312
2020-08-18,1.2265329038874146,1.1553063255725278,1.0180613806968277,1.1837339227980095,1.1004628739780937,1.2106114274388167
2020-08-19,1.2253829935112848,1.1542231921912922,1.0171069184549344,1.1824509784925887,1.0994311579325458,1.2094764439112968
2020-08-20,1.2289583789835663,1.1541077698720732,1.0200746022886886,1.1823143330354986,1.1006483468679464,1.2130054177337881
2020-08-21,1.2301762200412991,1.155136026652291,1.0210854491602035,1.1835265536451316,1.1016729997023988,1.2142074501428843
2020-08-24,1.229019502709357,1.1540498685547667,1.0209833406152875,1.1822430131272226,1.1010074002415626,1.2130657480198286
2020-08-25,1.2243064006946132,1.1496242636326237,1.0209833406152875,1.17698415354314,1.0984740831453472,1.2084138262167936
2020-08-26,1.2243399233698704,1.1493628609726787,1.0209833406152875,1.176675612992713,1.0983242198954324,1.2084469137382257
2020-08-27,1.2184777949140715,1.1436298494398585,1.0209833406152875,1.16992249907683,1.0950371611431906,1.2026608808684904
2020-08-28,1.2185135756112238,1.1433675406886774,1.0209112235380535,1.1696135719645813,1.0949431269996701,1.2026961971007064
2020-08-31,1.2208900642677596,1.1411376106779798,1.0229023248196714,1.1669849690736576,1.094516029596252,1.2050418368431566
2020-09-01,1.2256205599669114,1.1367161261254863,1.0268656915386183,1.1617773764497479,1.0936678609490997,1.2097109265452695
2020-09-02,1.2280156364915247,1.138710124641547,1.0288723663546815,1.1642467879045093,1.095673838722197,1.212074912868912
2020-09-03,1.2316015709558996,1.1420352776441185,1.028769479118046,1.1684284012426607,1.0975497012888302,1.2156142987482959
2020-09-04,1.2209225378474238,1.1321328604755994,1.028769479118046,1.155086425011546,1.0918396876571503,1.2050738888871797
2020-09-08,1.2244792248643561,1.1354308930054888,1.0316635253461504,1.1592111197963417,1.0949766679778832,1.2085844069767269
2020-09-09,1.222154223136728,1.133274973383306,1.0297046358606823,1.1564921910998982,1.0928975615356786,1.2062895858175384
2020-09-10,1.2257159183351725,1.136577649882559,1.0327054797705026,1.1609098935497006,1.0960825670968612,1.2098050470779944
2020-09-11,1.2269300872079214,1.1352244640074998,1.0337284564892497,1.1589756312446122,1.0957338858383174,1.2110034549702993
2020-09-14,1.2257798044608426,1.1339331130644803,1.0327593059067826,1.1570760211782833,1.0945751152907974,1.209868103905533
2020-09-15,1.2258128810587408,1.1339637112595948,1.0327871740150372,1.1571208539222517,1.094604651444702,1.209900751140083
2020-09-16,1.224664771117603,1.1329016282696838,1.0318198540921613,1.1555255671115507,1.093579432586785,1.2087675446763249
2020-09-17,1.2246983036053838,1.1329326481952198,1.0318481063024518,1.1555719587809399,1.0936093758331533,1.2088006418829054
2020-09-18,1.223552361454706,1.1318725705649788,1.030882612813461,1.1539666943164653,1.0925860927303235,1.207669575069779
2020-09-21,1.2259418193322653,1.1317593833079223,1.0328958086991666,1.1537955534037525,1.0933740158558178,1.2100280156813508
2020-09-22,1.2259749003019935,1.131676746908506,1.03292368049083,1.1536710310131215,1.0933379171581514,1.2100606672309804
2020-09-23,1.2260079821643828,1.1317072842175497,1.0329515530345894,1.153716888220337,1.0933674199273447,1.2100933196616834
2020-09-24,1.2272224403495287,1.1328283300789974,1.0339747735084295,1.1554237650352102,1.0944504871110985,1.2112920131108558
2020-09-25,1.2284382542524785,1.1339506273806774,1.0349991362185613,1.1571351259735274,1.0955347633389199,1.2124920446794218
2020-09-28,1.2272854292454227,1.1347879905697742,1.0340278436994759,1.1584174240295477,1.0956089195746785,1.2113541843554505
2020-09-29,1.2285013055517093,1.1336637518250505,1.0350522589864461,1.15669595125911,1.0953918347964315,1.2125542775173033
2020-09-30,1.2249783029511232,1.133550385449868,1.032084014847288,1.156522446866421,1.0940695987323208,1.2090770065907357
2020-10-01,1.2261915892405095,1.133550385449868,1.0331062479608806,1.156522446866421,1.0945030495585366,1.2102745433563868
2020-10-02,1.223861572244116,1.133550385449868,1.0311431329485519,1.156522446866421,1.0936711369176562,1.207974772031035
2020-10-05,1.2144713060945183,1.1421343700898912,1.0232315286655917,1.1696593630289125,1.0952837886515532,1.1987063997995482
2020-10-06,1.216836808288578,1.139909763098519,1.0252245411097254,1.166364383166708,1.0948571180184683,1.2010411956934732
2020-10-07,1.2110360970738392,1.1453437599184342,1.0203372534695652,1.1743775171583275,1.09590096381928,1.1953157828149614
2020-10-08,1.2145513856699035,1.1420191572352085,1.0232989983093166,1.1694380055293931,1.0952647469187535,1.1987854398715743
2020-10-09,1.2134249464706226,1.1430783262092161,1.02234993669045,1.1710037778366738,1.0954679082109107,1.197673622844373
2020-10-13,1.2192746155852077,1.1375677835095408,1.0272784729516755,1.1628430402220173,1.094411703654161,1.2034473581061076
2020-10-14,1.2204815040962882,1.1364417718047586,1.0282953157292072,1.161219098895449,1.0941950448482367,1.2046385801422452
2020-10-15,1.2193439825405672,1.1375009660718662,1.0273369168650188,1.1627407182164404,1.0943990086847226,1.2035158246173432
2020-10-16,1.2170374865922977,1.139652648785657,1.0253936190998387,1.165845500593403,1.0948130390019202,1.2012392690162124
2020-10-19,1.2147388420327951,1.1418051349577871,1.0234569363847548,1.1689547442626622,1.0952265983316039,1.1989704628859128
2020-10-20,1.21128380474532,1.1450527295680888,1.0205459552298122,1.1736583080898992,1.095849620927825,1.1955602750228822
2020-10-21,1.2090046898691391,1.1472072260615995,1.0186257269073675,1.176763481522974,1.0962620044110896,1.1933107450634286
2020-10-22,1.2044221195939169,1.151555561330869,1.0147647625812426,1.1830314220177747,1.0970930512577006,1.1887876605830674
2020-10-23,1.2067611823237097,1.1493191687480901,1.0167354989178197,1.1798359927382525,1.0966669266581,1.1910963602202387
2020-10-26,1.2114107325298877,1.1448909378302483,1.020652896011683,1.1735521651967418,1.095821853414174,1.1956855551731091
2020-10-27,1.2137679626337732,1.1426631456274476,1.0226389389511177,1.1704303546342731,1.0953953912420964,1.1980121863558697
2020-10-28,1.213806013296094,1.1426273240447078,1.0226709978702357,1.1703790401445733,1.0953885232868656,1.1980497430871087
2020-10-29,1.2068679199873609,1.1491585612477617,1.0168254288669225,1.179585476804078,1.0966407675006247,1.1912017123350858
2020-10-30,1.2034516876256274,1.1524114380544788,1.0139471421225328,1.1840926795262074,1.0972616108617061,1.187829825675712
2020-11-02,1.2046409106203826,1.1512726518483978,1.014949101128679,1.1825200155048234,1.097044753176048,1.189003611509472
2020-11-03,1.2012356511503612,1.1545270507864716,1.012080059402022,1.1870014561031696,1.0976649748540361,1.1856425553040197
2020-11-04,1.2150048006491594,1.1412932980690411,1.023681015158966,1.1684926927978507,1.0951485804856396,1.1992329691253913
2020-11-05,1.2138779409288432,1.1423517938428636,1.022731599237466,1.1697752399945367,1.0953517202300178,1.198120737035888
2020-11-06,1.20926495600167,1.1466929647537494,1.018845009579023,1.1751116466647873,1.0961842324299689,1.1935676327125233
2020-11-09,1.1942787812986737,1.160903697492847,1.0062186705512952,1.1924601141394893,1.0989011900879797,1.1787759917450935
2020-11-10,1.1920571401924385,1.1630632530464726,1.004346865747121,1.1948341640911413,1.0993100333319223,1.1765831894954744
2020-11-12,1.20340595659764,1.1519904689647211,1.0139086122458365,1.1824522132917472,1.0972168672713312,1.1877846882767116
2020-11-13,1.2023008261933676,1.1530483827017315,1.0129775039790014,1.1835703517031035,1.0974183899102135,1.1866939034376078
2020-11-16,1.2000523199467237,1.1552047785343753,1.0110830644212927,1.1858652966095544,1.0978288615743987,1.184474584780744
2020-11-17,1.2046641068983508,1.1507653401569395,1.0149686447464208,1.1811469164585366,1.0969850728937263,1.1890265066793395
2020-11-18,1.2035567249475003,1.1518231759138586,1.01403563947845,1.1822621042769927,1.0971867525923442,1.1879334995207136
2020-11-19,1.2058933495628938,1.1495869885122731,1.0160043216244412,1.1798960453156062,1.0967607297019146,1.190239792692356
2020-11-20,1.2093867926013973,1.1462566636011788,1.0189476608722734,1.1763820445692095,1.0961252719912522,1.1936878877659693
2020-11-23,1.2059587369074989,1.1495057743954802,1.0160594125864424,1.1798100163107244,1.0967466742593872,1.190304331251687
2020-11-24,1.2036982414892763,1.1516604522104978,1.0141548717621989,1.1820764925083036,1.0971578310852785,1.1880731790532422
2020-11-25,1.203740275396122,1.1516202354962937,1.0141902866942287,1.1820340853390578,1.0971501683956646,1.1881146673229868
2020-11-27,1.20837220195397,1.1471888639933376,1.0180928352918526,1.17734191894138,1.0963058136612072,1.1926864673979916
2020-11-30,1.2084124810273684,1.147150624364538,1.0181267717196956,1.177300647420915,1.0962985049557827,1.1927262236135714
2020-12-01,1.1992174843521168,1.1558794701375283,1.0103796883123908,1.186565328735204,1.0979668857887217,1.1836505860868156
2020-12-02,1.1958391502122796,1.159135716086621,1.0075333320511093,1.189909490611546,1.0985855056909615,1.1803161056970675
2020-12-03,1.1992912099206843,1.1557896091278672,1.0104418044989556,1.1864717143087593,1.0979512426699256,1.1837233546326242
2020-12-04,1.1936311177669907,1.1612443941240633,1.005672992985873,1.192098648036915,1.098987605675402,1.178136735456
2020-12-07,1.1970741006831396,1.1578948294629792,1.0085738179413755,1.188667891992956,1.0983536082041434,1.1815350254240522
2020-12-08,1.1993936396945517,1.1556512070953087,1.0105281049109698,1.1863701457878166,1.0979279580224042,1.1838244547778882
2020-12-09,1.1960148093047724,1.1589068100010513,1.007681330542991,1.1898261173845597,1.0985465559918413,1.1804894845799587
2020-12-10,1.1994673760928085,1.155561363831397,1.0105902302218999,1.1862603647454117,1.0979123154582255,1.183897234012807
2020-12-11,1.2017930516333104,1.1533208186919655,1.0125496874166033,1.1838835194734358,1.0974865618498209,1.1861927202381852
2020-12-14,1.201835972813726,1.1532796286627265,1.0125858499054396,1.183839303064556,1.0974787226600933,1.186235084263908
2020-12-15,1.1995900441994614,1.1554348177042044,1.0106935820867473,1.186134322100527,1.0978889049016847,1.1840183097794867
2020-12-16,1.1996338387566305,1.1553926351632406,1.010730480423871,1.1860893024847745,1.0978808885699982,1.1840615358447644
2020-12-17,1.1973954327697862,1.1575484911487517,1.0088445506631603,1.1883825098495546,1.0982905974452268,1.1818521863374398
2020-12-18,1.1963023490711173,1.1586051991931166,1.007923592137145,1.189505134017702,1.0984911199318863,1.1807732918270997
2020-12-21,1.1963474477707847,1.1585615216161629,1.0079615892566898,1.1894587169934583,1.0984828376575695,1.1808178051059581
2020-12-22,1.1986648325867721,1.1563173300281897,1.0099140612466577,1.18707411238763,1.0980572744228496,1.183105108227722
2020-12-23,1.1952903688097791,1.1595725777328116,1.0070709658918051,1.19053292495896,1.0986755213917887,1.1797744479601022
2020-12-24,1.197604961450518,1.1573271499900153,1.0090210853834194,1.1881547430721713,1.0982500203850492,1.1820589951515093
2020-12-28,1.1976496340165403,1.1572839798502934,1.009058723471525,1.1881087927950287,1.0982418270912462,1.1821030878283125
2020-12-29,1.1976943082489204,1.1572408113208863,1.009096362963591,1.1880630558157363,1.0982336338585679,1.1821471821498426
2020-12-30,1.198877016583973,1.156098050314354,1.0100928331573027,1.1868542022351838,1.0980167354290347,1.183314537889916
2020-12-31,1.198921260854823,1.1560553847910686,1.010130110392812,1.1868090031806882,1.098008631019797,1.183358207831195
2021-01-04,1.1989655067584972,1.156012720842344,1.0101673890040288,1.1867637505453903,1.0980005266703776,1.183401879384103
2021-01-05,1.1955901965279556,1.159267111015623,1.0073235804845635,1.1902184633378745,1.0986187416882274,1.1800703836506465
2021-01-06,1.1865572350529527,1.168025643147663,0.9997130169973392,1.1994945868064184,1.1002788056128405,1.1711546779646482
2021-01-07,1.1821205365851744,1.1723930494793497,0.9959749544077733,1.2039886912040447,1.1011016239559899,1.1667755717473023
2021-01-08,1.1765970356209512,1.1778710984082301,0.991321225409117,1.209764281654091,1.1021306113888953,1.1613237706863078
2021-01-11,1.174436477423185,1.1800339961383224,0.9895008849396657,1.2120294240911573,1.1025353748304738,1.1591912584352524
2021-01-12,1.1744900727386232,1.179980145380562,0.9895460407340182,1.2119712442069415,1.1025253120076082,1.159244158036332
2021-01-13,1.1800611556735456,1.1743830208036397,0.9942398590887351,1.206008450739147,1.101479367032233,1.1647429234121736
2021-01-14,1.1745541670676016,1.1798635112710072,0.9896000422883492,1.211749413146855,1.102507421263959,1.159307420364517
2021-01-15,1.1790219967731044,1.1753754856082521,0.9933643339570264,1.2070140277701402,1.101668666348201,1.163717253708726
2021-01-19,1.180184056664235,1.1742170197674267,0.9943434071659492,1.2058027895557586,1.1014515024659355,1.16486422903985
2021-01-20,1.1802355726349623,1.1741657642625956,0.9943868110448334,1.2057491683031771,1.1014418866194855,1.164915076287943
2021-01-21,1.1780633625437602,1.1763268029408152,0.9925566534766394,1.2080056155420205,1.1018473248618943,1.1627710633952824
2021-01-22,1.180332982931191,1.1740605281553307,0.9944688823838744,1.2056388947770744,1.1014227678759367,1.165011222112805
2021-01-25,1.18594428501571,1.1684790453159466,0.9991965866786845,1.1998096794146316,1.1003755352792552,1.1705496845582881
2021-01-26,1.185993699360919,1.1684303586890583,0.9992382198697961,1.1997578701333702,1.100366365483128,1.1705984574618113
2021-01-27,1.1871633996031474,1.1672779804982452,1.0002237303227228,1.1985615359778679,1.1001493156278144,1.1717529739655526
2021-01-28,1.1838464243649662,1.1705393951937126,0.9974290709293901,1.2019510692049473,1.100764086608702,1.1684790559849205
2021-01-29,1.1794284578889722,1.1749077015047025,0.9937067906514294,1.2065200894400894,1.1015856693296575,1.1641184386016212
2021-02-01,1.1817014278828795,1.172643443818475,0.9956218417109362,1.204158499730433,1.1011610787314985,1.1663619034447807
2021-02-02,1.1784110181179612,1.1759086319169785,0.9928495645918328,1.207552420427936,1.101774308280133,1.163114206094191
2021-02-03,1.175136517420691,1.1791761791275333,0.9900906913790444,1.2109929650564037,1.1023866176841064,1.159882211297551
2021-02-04,1.1751901446823987,1.1791223675161842,0.9901358740891669,1.21093624644298,1.102376556218945,1.1599351424302096
2021-02-05,1.1708271552304184,1.1834999556667873,0.9864599137399198,1.215553306807056,1.1031950888298008,1.155628788420772
2021-02-08,1.1708824442905266,1.183444068168881,0.9865064965691799,1.2154941555299366,1.103184669765073,1.1556833597802254
2021-02-09,1.1720354954266947,1.1822786467091542,0.9874779796093885,1.2141377991298672,1.1029673928995638,1.1568214432979542
2021-02-10,1.1753886586424855,1.1788961781026748,0.990303128549459,1.2102427454545999,1.102336280667124,1.1601310795044009
2021-02-11,1.1743379561057796,1.1799500160785115,0.9894178775291911,1.2114554287025026,1.1025333605892218,1.1590940160112457
2021-02-12,1.169980954186894,1.1843278397343961,0.9857469618710871,1.2170903878421282,1.1033514794182602,1.1547935718114544
2021-02-16,1.1590733788399556,1.1953691691689914,0.9765569752981033,1.2312394426366329,1.105408758958212,1.1440275863912495
2021-02-17,1.1602135057196805,1.1941933397988715,0.9775175692324015,1.2296985144446988,1.105191291063223,1.1451529134207572
2021-02-18,1.1602728976015209,1.1941322084731436,0.977567608822255,1.2296184095501956,1.1051799760095287,1.145211534343706
2021-02-19,1.1549221552207596,1.1996390972657005,0.973059434542396,1.2368137465096838,1.1061993109174157,1.1399302493077317
2021-02-22,1.1517610420632252,1.20292260422547,0.9703960940153393,1.2411230505701114,1.1068048618943,1.13681017018078
2021-02-23,1.1518236576436867,1.2028572072426211,0.9704488496760061,1.2410368746913047,1.1067928275874683,1.1368719729559051
2021-02-24,1.1508166907072415,1.2039087895997989,0.9696004473197513,1.2424200947163837,1.1069863474505965,1.1358780773364319
2021-02-25,1.1337903822259885,1.221720594555826,0.9552552293081134,1.2661607732571678,1.1102619153474518,1.1190727853225166
2021-02-26,1.1442935706993398,1.2104028396449038,0.9641045068031995,1.253134774640691,1.1082048701767593,1.1294396331666166
2021-03-01,1.1433003080049193,1.2114534861019184,0.963267650716046,1.254254471974554,1.1083972576170993,1.1284592638960467
2021-03-02,1.1465376061244563,1.2080232096776007,0.9659951795485323,1.25056798484155,1.107769563854986,1.1316545390371506
2021-03-03,1.1412929454165717,1.21354912686354,0.961576382524238,1.2565360048073644,1.1087830283020144,1.1264779586405864
2021-03-04,1.133980147631438,1.2213249038038239,0.955415112826918,1.264869306070308,1.1102039266096968,1.1192600874060086
2021-03-05,1.1319623168918065,1.2234981578410487,0.9537150248775854,1.2672190137315016,1.1105990311651077,1.1172684498850802
2021-03-08,1.1289105726366295,1.2267966806087178,0.9511438312037201,1.2707937023005997,1.1111978610311883,1.1142563199558884
2021-03-09,1.1331264238157053,1.2222152794262036,0.9546958227781152,1.2657920621601124,1.110367920214588,1.118417445676686
2021-03-10,1.1352805749576462,1.219891764252135,0.9565107650948943,1.2632663590294304,1.109945743081828,1.120543634041139
2021-03-11,1.1343041880513527,1.2209409201806203,0.9556881274074642,1.2644104426712586,1.1101366626684301,1.1195799214961153
2021-03-12,1.1239348769706872,1.232102226244575,0.9469516459648532,1.2766471288443642,1.1121663391024097,1.1093452131983312
2021-03-15,1.126065757085392,1.229766270499288,0.9487469816852039,1.2741771465283807,1.1117446254987489,1.1114484326139602
2021-03-16,1.126138147026919,1.2296872140961845,0.9488079725625979,1.274092891399494,1.1117303316392781,1.1115198828703425
2021-03-17,1.1251785678292878,1.230735027167214,0.9479994959157306,1.2752072148121667,1.111919792106883,1.110572759855132
2021-03-18,1.1170069468566517,1.2396732530162538,0.9411146397832338,1.284724180485964,1.1135348579022792,1.102507213713795
2021-03-19,1.1140264722800945,1.2429810342473826,0.9386034931288705,1.288167641739786,1.1141290999243951,1.0995654283200766
2021-03-22,1.119175564817106,1.2372359065270417,0.9429417708645791,1.28218488287043,1.1130991865468527,1.104647681104726
2021-03-23,1.1253814910404096,1.2303753254009842,0.9481704653132585,1.2751667042412647,1.1118647401118007,1.1107730489443999
2021-03-24,1.12648501947805,1.2291688419361675,0.9491002238711646,1.2739581224388228,1.111646685279854,1.111862252611808
2021-03-25,1.1255251447113637,1.2302162133037142,0.9482914981977664,1.2750031650233833,1.1118361314924927,1.1109148378642886
2021-03-26,1.1214744766283706,1.234643655528195,0.9448786787479544,1.2794404565230233,1.1126364119931136,1.1069167510176243
2021-03-29,1.1153988491090314,1.2413323810644699,0.9397597651902451,1.2861316415979074,1.1138419613916246,1.100919990490074
2021-03-30,1.1154754221252599,1.2412471626113253,0.9398242804439664,1.2860462021160426,1.1138266681646944,1.100995569521167
2021-03-31,1.1145357115336108,1.2422928271615472,0.9390325437430899,1.2870866011241424,1.1140143324908778,1.1000680571999484
2021-04-01,1.1196871578028764,1.2365508803727712,0.943372804574686,1.2813698568706786,1.1129845252056323,1.1051526331633361
2021-04-02,1.116695411473569,1.239854880540654,0.9408521611024567,1.2846104324819552,1.1135792926537817,1.1021997223341375
2021-04-05,1.1157536938750352,1.2409004594412536,0.9400587334330803,1.2856356674979446,1.113767110604224,1.1012702290587497
2021-04-06,1.12192954560892,1.2340319029703333,0.9452620891474255,1.2788961582900233,1.1125341394603365,1.107365912802343
2021-04-07,1.120978488541075,1.2350779889459274,0.9444607926717528,1.279900025904205,1.1127227579811152,1.1064272012921745
2021-04-08,1.1251492110724661,1.2304827467988402,0.9479747618944255,1.2753803757702777,1.111894756743742,1.110543784174848
2021-04-09,1.122132497487646,1.233781877244496,0.9454330826983413,1.2786031226751209,1.1124909919780648,1.1075662301870846
2021-04-12,1.1201556757257924,1.2359553878323972,0.9437675461450029,1.2807382530969191,1.1128829593095042,1.1056150693113145
2021-04-13,1.125344330170893,1.2302303394699299,0.9481391560734836,1.2751124879081368,1.1118519659861956,1.1107363704556714
2021-04-14,1.125417566865396,1.2301502768605357,0.9482008603677679,1.2750332085628613,1.111837494262194,1.1108086564734312
2021-04-15,1.1337326071324225,1.2210614289628803,0.9552065519149037,1.2660927195747569,1.1101945532228197,1.1190157602005073
2021-04-16,1.1306760902156552,1.2243533823657884,0.9526313371186038,1.2692517473092029,1.1107931649962628,1.1159989195630724
2021-04-19,1.1286718784302034,1.2265236444768648,0.9509427235805925,1.2713503467312304,1.1111869585454057,1.114020724210314
2021-04-20,1.1318485145605166,1.2230716054935353,0.9536191427164941,1.2680086403143116,1.1105614735470628,1.1171561248081974
2021-04-21,1.132958881128213,1.2218717472058154,0.9545546626211157,1.2668528931832863,1.110343576838142,1.118252077840716
2021-04-22,1.1330294662648548,1.2217956226564854,0.9546141328917631,1.2667795801481831,1.1103297416046847,1.1183217467201687
2021-04-23,1.1320590195043452,1.2228420981801278,0.9537964999701275,1.267789129643288,1.1105199424658132,1.1173638972126094
2021-04-26,1.1321299978079489,1.2227654279215912,0.9538563014967129,1.2677123067520608,1.1105060168982808,1.117433954155371
2021-04-27,1.1270026807883053,1.2283032248192558,0.9495363703417856,1.27313510054232,1.111511893681315,1.1123731942227115
2021-04-28,1.127075578183928,1.2282237750471743,0.9495977887657403,1.2730570866431934,1.111497514598881,1.1124451453459887
2021-04-29,1.1250839052595527,1.2303941885360168,0.9479197396255232,1.2751734667453645,1.1118903435356777,1.1104793260888557
2021-04-30,1.1251575714676352,1.2303136270117674,0.9479818057989511,1.2750941301616678,1.1118757830668933,1.1105520360447305
2021-05-03,1.127290129098355,1.2279817627644867,0.9497785548810403,1.2728034538507724,1.111454306245207,1.1126569112007405
2021-05-04,1.129428013136033,1.2256529189811443,0.9515797916340253,1.2705188749299634,1.1110327359043346,1.114767043622259
2021-05-05,1.1315712419457526,1.2233270915568861,0.9533855315310854,1.2682394077731005,1.11061107160339,1.1168824514359745
2021-05-06,1.1326812363370968,1.2221270909205384,0.9532901929779323,1.2670663706704612,1.1099129868262503,1.1179780371233174
2021-05-07,1.1306719213143126,1.2242950780335582,0.9532901929779323,1.2691928034623419,1.1110943420567607,1.1159948047777382
2021-05-10,1.1276320384104597,1.2275866727099867,0.9532901929779323,1.2724196552094311,1.1128866904637467,1.112994382229092
2021-05-11,1.1266721793355128,1.228631614825808,0.9532901929779323,1.273442747890567,1.1134550750180212,1.1120469829696196
2021-05-12,1.121588635732209,1.234175199287127,0.9532901929779323,1.27890366327647,1.1164694198441332,1.1070294282358348
2021-05-13,1.1247358980136022,1.2307120106191967,0.9532901929779323,1.2755165557029093,1.1145896814187646,1.1101358362832066
2021-05-14,1.1278955314854573,1.2272546666597532,0.9532901929779323,1.2721401573596443,1.1127110031240566,1.113254454932101
2021-05-17,1.1269354481208391,1.2282993261665236,0.9532901929779323,1.273192006188603,1.1132792979495465,1.1123068342944347
2021-05-18,1.1270087883642883,1.2282193892262492,0.9532901929779323,1.2731109951961148,1.1132358270436267,1.112379222516984
2021-05-19,1.1229554074612755,1.232636782478546,0.9532901929779323,1.2775808606991808,1.115638134224445,1.1083784580650913
2021-05-20,1.1281592888796965,1.2269246272091716,0.9532901929779323,1.2717776161356609,1.1125361507345586,1.113514788523255
2021-05-21,1.1282322610876678,1.2268452666082847,0.9532901929779323,1.27169652942222,1.1124929737363276,1.113586813487751
2021-05-24,1.1303719318605343,1.2245185781680332,0.9532901929779323,1.2693574375585335,1.1112270808259646,1.1156987094510629
2021-05-25,1.1356261545798922,1.2188267406830946,0.9532901929779323,1.2636482307775174,1.1081279409358764,1.1208847277357767
2021-05-26,1.1336085068841695,1.2209922094466548,0.9532901929779323,1.2660675102386167,1.1093092161879012,1.1188932708826862
2021-05-27,1.130556529231575,1.2242794474257221,0.9532901929779323,1.269979217853986,1.1111011506610793,1.1158809105857805
2021-05-28,1.1337384696934154,1.2208337247133767,0.9532901929779323,1.2658859466238268,1.1092248405693288,1.1190215466603
2021-06-01,1.129645005096223,1.225241654553249,0.9532901929779323,1.2711196700653409,1.111627814131525,1.1149812188358519
2021-06-02,1.1328231873854426,1.2217945173473588,0.9532901929779323,1.2670006285691926,1.109751318870551,1.1181181455221383
2021-06-03,1.128735676270551,1.2262030594088056,0.9532901929779323,1.272390657398602,1.11215387607515,1.1140836938985514
2021-06-04,1.1360453417603806,1.2182621974556342,0.9532901929779323,1.2627417650466457,1.10783250678831,1.1212984734977747
2021-06-07,1.1350713088393456,1.2169740202571793,0.9540122046026456,1.2612143465126313,1.1075539114791355,1.1203370843812093
2021-06-08,1.139313675005872,1.212182145222084,0.9504465527640855,1.2554955502132517,1.103281486016482,1.1245243809015872
2021-06-09,1.142529932072917,1.2120609270075617,0.9477634633662861,1.2553509365942663,1.1019694735265129,1.1276988881215768
2021-06-10,1.147866250751766,1.2176007921770893,0.9433368240890848,1.2618785635388021,1.102932730627847,1.1329659366879827
2021-06-11,1.1458095126783168,1.2154191042793117,0.9450270878815084,1.2591601335598812,1.1025374853215144,1.1309358968846683
2021-06-14,1.141642879319346,1.2109993418938667,0.9484635939900098,1.2536788827492416,1.1017356296177476,1.1268233500933587
2021-06-15,1.1417112872855273,1.2110719057433215,0.9484067614492587,1.253765930550953,1.1017488329574359,1.1268908700639395
2021-06-16,1.1354656015519413,1.204446785532737,0.9535949825394641,1.2456467487559593,1.100543418410934,1.1207262588274156
2021-06-17,1.1407527160351716,1.2100550998976694,0.9491547195879233,1.2526424706059562,1.1015683193923376,1.125944741911962
2021-06-18,1.1481778891750718,1.2179313630871076,0.9429766601098021,1.2624008595941107,1.103002343678573,1.1332735297703105
2021-06-21,1.142935549326156,1.2123705434805365,0.9472820941096181,1.2556056167349643,1.1019951281252638,1.1280992401059233
2021-06-22,1.1451116537174442,1.214678849373281,0.9454785062117739,1.2584297935067565,1.102414759212757,1.130247096747228
2021-06-23,1.1430645805006636,1.212507413486248,0.9471687027273927,1.2557761212393286,1.1020206100972463,1.1282265963422378
2021-06-24,1.1441867753106332,1.2136977832603406,0.9462388271801154,1.2572265404148122,1.1022369901391489,1.1293342240760358
2021-06-25,1.1389756806665985,1.2081701070502153,0.9505483858908925,1.2504084722725957,1.101232982506879,1.1241907740262747
2021-06-28,1.144286094678659,1.2138031364241852,0.9461165041981927,1.257399087407823,1.1022598706415625,1.1294322541912634
2021-06-29,1.1443537528644159,1.213874904942966,0.9460605631826666,1.2574847605256074,1.1022729053019376,1.1294990341142295
2021-06-30,1.14864502890204,1.2184268822307727,0.9425128778495561,1.263063985600401,1.1030996002454556,1.1337346056125372
2021-07-01,1.1455247823435029,1.2151170761632326,0.945073174973114,1.2589823147947254,1.10250029538716,1.1306548626001651
2021-07-02,1.1498222364030977,1.219675606796815,0.9415277182400928,1.264598666451616,1.1033275047925164,1.1348965319242816
2021-07-06,1.1573343009961168,1.227644040221315,0.9353764917186239,1.2743502474281356,1.1047691654633316,1.1423110833082226
2021-07-07,1.1616960320322574,1.2322707527510979,0.9318512694290106,1.279969566295881,1.1056018904508524,1.1466161952371652
2021-07-08,1.1650004950563588,1.235775966701966,0.9292006035242615,1.2842016259908413,1.1062308709183126,1.149877763423267
2021-07-09,1.15745958914259,1.2277769398046037,0.9352152055402502,1.2745013682589135,1.1047987714553682,1.1424347451043004
2021-07-12,1.1564476950659202,1.2267035716935144,0.9360328053387873,1.2732340102332478,1.104605600247797,1.1414359863032184
2021-07-13,1.152217787257058,1.2222166908434733,0.9394565074997641,1.26794178801828,1.1037975429747988,1.137260986420059
2021-07-14,1.1576182841994243,1.2279452758165645,0.9350532323096487,1.2746980705468651,1.1048322527877792,1.1425913801596443
2021-07-15,1.164131019151315,1.234853668873219,0.9297926434341429,1.2827435776617055,1.106075405168304,1.1490195740806146
2021-07-16,1.1641915354860408,1.2349178616631487,0.9297443089752977,1.2828173295780467,1.1060869048411672,1.149079304860061
2021-07-19,1.177266371318457,1.2487870127569358,0.9193025098078608,1.2993530060956109,1.1085713593757291,1.1619844178174403
2021-07-20,1.1729069856186558,1.2441627880460802,0.9227066622687515,1.2942163800915838,1.1077503573919794,1.1576816207803073
2021-07-21,1.165283044598824,1.2360756815393954,0.9287042914567406,1.2853318217011076,1.1063102733114845,1.1501566452240257
2021-07-22,1.1686015221053818,1.239595761372878,0.9260595397668163,1.2890791781581548,1.1069403804385511,1.1534320459722687
2021-07-23,1.1653875476308213,1.236186533282324,0.9286064573143578,1.2854569877221043,1.1063315025515568,1.1502597917147042
2021-07-26,1.1665338854663778,1.2374025128058637,0.9276930300870585,1.28674149301261,1.1065491519785857,1.1513912490763711
2021-07-27,1.1709450657938398,1.2420816787432158,0.9241850126216186,1.2916867214923815,1.107386022284951,1.1557451684013182
2021-07-28,1.1699088386415042,1.2409824992867826,0.9250028696089666,1.2905132597781044,1.107190026162173,1.1547223923893057
2021-07-29,1.1677818166548093,1.2387262576259779,0.9266846258077649,1.288109640827931,1.1067874276944443,1.1526229810197899
2021-07-30,1.172199573352483,1.243412399457581,0.9231789476460509,1.2931006038823722,1.1076248302814453,1.1569833913478762
2021-08-02,1.1766415184854875,1.2481241992070824,0.9196806438361795,1.2980902116586361,1.1084642792687867,1.1613676761241165
2021-08-03,1.1778001191781973,1.2493531865741527,0.918775064172127,1.2993850927112396,1.1086825730246381,1.1625112371602595
2021-08-04,1.1778557375171586,1.2494121838079633,0.9187316775718744,1.2994472283024447,1.1086930439156057,1.1625661335242365
2021-08-05,1.1734941694101797,1.2447856441055252,0.922133716256353,1.2945628678559784,1.1078719518129405,1.158261182409492
2021-08-06,1.1647685494687374,1.2355299300831135,0.9289903232621524,1.2848937808149896,1.1062244157880854,1.1496488286934863
2021-08-09,1.1626589711613382,1.2332921918304498,0.9306728702665606,1.2826261082701023,1.1058237066460457,1.1475666345689584
2021-08-10,1.1594744941550383,1.2299142532221834,0.9332219465041015,1.2791998460389629,1.1052179451537796,1.1444234948765586
2021-08-11,1.1606143319537128,1.2311233378221622,0.9323045294720409,1.2804200131253842,1.105435245179957,1.1455485365775422
2021-08-12,1.1595976122270732,1.2300448508958608,0.9331212455682087,1.2793147271259036,1.1052415688157498,1.1445450147676737
2021-08-13,1.1672018352979,1.2381110415595082,0.9270021728583222,1.287583424049718,1.1066911239627777,1.1520505283312803
2021-08-16,1.1705270523081386,1.241638270331306,0.924361255666027,1.2911365255369363,1.1073216898236586,1.1553325810985156
2021-08-17,1.1705855786607542,1.2417003522448227,0.9243150376032437,1.2911987873050266,1.107332763040557,1.1553903477275707
2021-08-18,1.1695507171132562,1.240602621355704,0.9251321825498646,1.2900942653522942,1.107136974519385,1.1543689195936435
2021-08-19,1.1728851854208087,1.2441396634545603,0.9224945680386927,1.293681919773296,1.1077682790194183,1.1576601035682124
2021-08-20,1.17074948391861,1.2418742149850823,0.924174334361279,1.291368997073978,1.1073648529369684,1.155552125350942
2021-08-23,1.1719015653156946,1.2430962869998523,0.9232648963705682,1.292612137495424,1.107582794429043,1.1566892517176541
2021-08-24,1.167578880777692,1.2385109930996645,0.9266704579041826,1.2879424121386251,1.1067657068575718,1.1524226794289425
2021-08-25,1.161105605199869,1.231644456631347,0.931808092151083,1.2809511857777574,1.105538483662887,1.14603343266464
2021-08-26,1.162247159462989,1.2328553619734788,0.9308919743619335,1.2821621747656966,1.1057558682252244,1.1471601685488504
2021-08-27,1.1655519257986726,1.236360897662548,0.9282450498812141,1.2856904224542172,1.1063846957063745,1.150422036109283
2021-08-30,1.1677841033219583,1.2387286832114761,0.926467344666557,1.2880735594253672,1.1068084686838282,1.152625238003987
2021-08-31,1.16675485061391,1.2376369019069478,0.9272839074376236,1.286965078868127,1.1066133665908227,1.1516093459018377
2021-09-01,1.1657275472943562,1.2365471884190953,0.9281003615845923,1.2858574017234161,1.1064184965914627,1.1505953778834046
2021-09-02,1.1679600611547423,1.2389153307380911,0.9263229334660957,1.2882827536729116,1.1068422825154998,1.1527989117492576
2021-09-03,1.1636630646899164,1.2343572854988243,0.9297309321663728,1.2835211704767404,1.106027854431309,1.1485576940799274
2021-09-07,1.158310075691457,1.2286790946462136,0.9296379590731562,1.277642061941438,1.1029308972261533,1.1432741915893296
2021-09-08,1.1615986202485489,1.2321674230600879,0.9296379590731562,1.2812267440477485,1.1048096881345841,1.146520047944132
2021-09-09,1.1670599011410308,1.237960484696522,0.9296379590731562,1.2871808409065395,1.1079262600387487,1.1519104366046702
2021-09-10,1.1616812197057542,1.232255040554252,0.9296379590731562,1.281317971991288,1.104862570299756,1.1466015751876946
2021-09-13,1.1639032271534873,1.234612038180771,0.9296379590731562,1.2837132556283166,1.1061305667956705,1.1487947390233764
2021-09-14,1.1693801773797012,1.2404217210857131,0.9296379590731562,1.2896599425051039,1.1092536213160278,1.1542005936159057
2021-09-15,1.1661662697730393,1.2370125639253797,0.9296379590731562,1.2862043575686795,1.1074244273275065,1.1510284053582358
2021-09-16,1.1629677940085723,1.2336197761140613,0.9296379590731562,1.2827184650899073,1.1056020095727166,1.147871448623869
2021-09-17,1.1597846593022105,1.2302432613524033,0.9296379590731562,1.2792336066123193,1.1037863375586376,1.144729633807173
2021-09-20,1.1663095822326806,1.2371645828250326,0.9296379590731562,1.2864977383789509,1.107512264122596,1.1511698574960352
2021-09-21,1.1641972128735387,1.2349238839601802,0.9296379590731562,1.2841525545493069,1.1063087371994298,1.1490849085500723
2021-09-22,1.1653420345924599,1.2361382552607973,0.9296379590731562,1.2854218066521261,1.1069614752009502,1.1502148694756322
2021-09-23,1.1556378917872925,1.225844571689882,0.9296379590731562,1.2746377430281093,1.101430680679018,1.1406366949837783
2021-09-24,1.1492774528818064,1.2190977268855836,0.9296379590731562,1.2678427564577919,1.0977934258246005,1.1343588201725088
2021-09-27,1.1482829227173754,1.2180427775696139,0.9287405307069398,1.2667857377791405,1.0967995357567832,1.1333771998848046
2021-09-28,1.1419898179139334,1.2113673575118276,0.9236506165583327,1.2600293351520866,1.090788582976479,1.1271657851196804
2021-09-29,1.1410086703803273,1.2121658377112159,0.9228570564843861,1.2608227806523673,1.0908451198824403,1.126197373744476
2021-09-30,1.1442272835867866,1.2087465008779772,0.9254602969213626,1.257391175998997,1.0902296980017485,1.1293742065191168
2021-10-01,1.1485127417608922,1.2042193997968254,0.928926410211215,1.2528512818865145,1.0894130536448148,1.1336040356748942
2021-10-04,1.1475198913214566,1.205260406758953,0.9281233847322224,1.253895377185191,1.0896014057962031,1.1326240733078765
2021-10-05,1.142293616303582,1.2107496557048896,0.9238963311571029,1.2595263794231335,1.0905939039044488,1.1274656399388865
2021-10-06,1.1434146385116466,1.2095614522228075,0.9248030230009461,1.2583089446287679,1.090379846858378,1.1285721102921844
2021-10-07,1.1382200394606876,1.215056560086716,0.9206015892044906,1.2639630154660813,1.0913705786413903,1.1234449417081844
2021-10-08,1.1351556463275436,1.2183278177082877,0.9181230832122255,1.267365847523217,1.0919582310092908,1.1204203270945925
2021-10-12,1.1373097440269355,1.2160158905662073,0.9198653348829143,1.264966964989925,1.091543805952981,1.1225464627102277
2021-10-13,1.1405130967830008,1.2125908536535084,0.9224562325439796,1.2613989777870993,1.090928916319347,1.1257082331285502
2021-10-14,1.1447775668439395,1.2080568790712267,0.9259053704778673,1.2566352164794878,1.090113102153709,1.1299173466153392
2021-10-15,1.1374642960526693,1.2157744019715586,0.9199903378134309,1.2648285383898812,1.0915059128690938,1.1226990085146609
2021-10-18,1.1375360646332537,1.2156976923961962,0.9200483848228406,1.264746075792508,1.091492139104003,1.1227698454759125
2021-10-19,1.1313434035359633,1.2223158595381713,0.9150397103575135,1.2722141240858058,1.0926805393873833,1.116657570569243
2021-10-20,1.1314174795921472,1.2222358269521303,0.9150996236718821,1.272123200888089,1.0926662304755579,1.1167306850530303
2021-10-21,1.1283860484183303,1.2255105896762435,0.912647777579362,1.275876484524938,1.0932517512993716,1.113738604523527
2021-10-22,1.1305228028688774,1.2231899165251052,0.9143760018898789,1.2732010227141424,1.0928377067357344,1.1158476220209494
2021-10-25,1.1326648866347866,1.2208722496402242,0.9161085365938361,1.2705315811102553,1.0924235709209713,1.1179618996545309
2021-10-26,1.1337754589071671,1.2196751904883354,0.9170067764450378,1.2691561155199191,1.0922093477483674,1.1190580557215057
2021-10-27,1.1431946097746677,1.209542404019637,0.924625061975915,1.257384974228722,1.090394581950693,1.128354937721838
2021-10-28,1.140108338075332,1.2128077942329514,0.9245325994697174,1.260979063203522,1.0921172029449204,1.125308728545097
2021-10-29,1.1422744494689874,1.2105035598951541,0.9245325994697174,1.258442647798136,1.090872243617371,1.127446721906672
2021-11-01,1.1391927835794329,1.2137692965414104,0.9245325994697174,1.2620635977269388,1.0926380384057848,1.1244050587522478
2021-11-02,1.141356500892105,1.2114639328853447,0.9245325994697174,1.259483530878152,1.0913928620628899,1.1265406891101173
2021-11-03,1.1372301880803428,1.2158437030477307,0.9245325994697174,1.2643706674306294,1.0937602704997154,1.1224679394698311
2021-11-04,1.1446050738944116,1.2079590121806447,0.9245325994697174,1.2556213459176448,1.0895044792689972,1.1297470927760906
2021-11-05,1.1531057696098437,1.1989878026049925,0.9245325994697174,1.2459024301790238,1.0846495928439241,1.1381374419804744
2021-11-08,1.1467746923187783,1.2055707932112274,0.929516252408886,1.2529945149866677,1.09056142847734,1.1318885476440321
2021-11-09,1.1521284914156975,1.1999425003414954,0.9251767397687385,1.2470190614036614,1.0854700649950229,1.1371728497172988
2021-11-10,1.1415475492735734,1.210962557795667,0.9336733975874366,1.2586002519141144,1.0954388280629401,1.1267292575154706
2021-11-12,1.1395193811364968,1.2131140543990955,0.9353322392507805,1.2607587400969176,1.0973850756183816,1.1247274167856132
2021-11-15,1.1343585982507616,1.218608141076361,0.939568276559762,1.2662786469169711,1.1023550359464493,1.119633625403254
2021-11-16,1.1344319714458073,1.2185293184069184,0.939507502897429,1.2661961479893205,1.1022837328230926,1.119706046149659
2021-11-17,1.137622425081694,1.2151023510856507,0.9368652509122862,1.2626755363930264,1.0991836922462368,1.122855084889734
2021-11-18,1.1387382549994887,1.213910525461761,0.935946332426801,1.2614576663996009,1.0981055647217444,1.123956430353259
2021-11-19,1.144035982871556,1.2082630752275212,0.9315920491221982,1.2556956002690212,1.0929968714542986,1.1291853890555155
2021-11-22,1.1346305268123922,1.2181965610899483,0.9392509411625448,1.2657488048348657,1.1019827199775796,1.119902024092856
2021-11-23,1.1305470892432323,1.2225807456210585,0.94263122442602,1.2700485108326063,1.1059486609010654,1.1158715931367928
2021-11-24,1.1337218603664971,1.219147528124868,0.9399841534462534,1.2666908948772626,1.1028429664051447,1.1190051529370604
2021-11-26,1.1504008699614083,1.2012117591941769,0.9261553606334145,1.2491574031493,1.086618238752451,1.1354676543098035
2021-11-29,1.1462202496345744,1.2055770291000378,0.9295210603886659,1.2530500247476766,1.0905670694731624,1.1313413021137824
2021-11-30,1.1557929036699306,1.1955086571477656,0.9217581688043348,1.2440922412120294,1.081459202759285,1.140789694675768
2021-12-01,1.155858490330734,1.1954408167755544,0.9217058626860257,1.2440306498948506,1.0813978342410333,1.1406756157063005
2021-12-02,1.1548541628665914,1.1964795373923844,0.9225067345224146,1.2449338038635978,1.0823374627108486,1.1406756157063005
2021-12-03,1.1645359444454684,1.1864487872621041,0.9147728500235102,1.2362117314286472,1.0732636287623338,1.1406756157063005
2021-12-06,1.1559380024097277,1.195208515074638,0.9215267539952048,1.2436315442005579,1.0811876937198663,1.1406756157063005
2021-12-07,1.1506536400697676,1.2006724022833757,0.9257395069836232,1.2481702978010698,1.0861303355563758,1.1353469576968136
2021-12-08,1.146472101162393,1.2050357121364208,0.9291036955037332,1.2517834931804603,1.0900773932099137,1.1312210441189532
2021-12-09,1.1497097884768472,1.2016326386253493,0.9264798660658472,1.2489593141670132,1.0869989670151632,1.1344156617818462
2021-12-10,1.1508386128648187,1.2004528346074503,0.9255702164496905,1.2479797084094473,1.0859317142562805,1.1355294698732015
2021-12-13,1.157280901863933,1.193732809745671,0.920388959271937,1.2423523082961008,1.0798527681222718,1.1418860596940137
2021-12-14,1.1552025072724967,1.1958766693837237,0.9220419127008646,1.2441404973007364,1.0817921072656016,1.1398353131495214
2021-12-15,1.1520622887206835,1.1991274536221912,0.9245483244352443,1.2468526727227884,1.084732772320477,1.1367368676615395
2021-12-16,1.1553219233423213,1.19573465324859,0.9219324157667529,1.2440049895862568,1.0816636392236827,1.13995314067542
2021-12-17,1.1585945032973404,1.192347599667522,0.9193209379762232,1.2411637030805978,1.0785997046853717,1.1431821868161207
2021-12-20,1.1565121501767224,1.1944906175551115,0.9209732424007618,1.2429612679200503,1.080538282379774,1.1411275344011675
2021-12-21,1.151225163124337,1.1999512229004548,0.925183465014871,1.2475470595232603,1.0854779554369705,1.1359108780101583
2021-12-22,1.153418388506051,1.1976651683881112,0.923420876840803,1.2456190679759935,1.0834099865639708,1.138074927797131
2021-12-23,1.149221368195641,1.2020231924034093,0.9267809898871864,1.249292668567133,1.0873522626395238,1.13393373875911
2021-12-27,1.151409440539149,1.1997345874606709,0.9250164352864961,1.2473719653240922,1.0852819866427696,1.1360927040566706
2021-12-28,1.1504140860015433,1.2007717174541441,0.9258160807243442,1.2482610256678386,1.0862201762319403,1.1351105903199672
2021-12-29,1.1441131342611608,1.207348483798506,0.930886883069428,1.2539774694079966,1.0921695304628638,1.1288934576052052
2021-12-30,1.1473405046915617,1.203942735993402,0.9282609917038801,1.2510515433069822,1.0890886850970978,1.1320778956254023
2021-12-31,1.1474097093569242,1.2037745662144061,0.9282050013583488,1.2509066949897016,1.0889711326675953,1.132146179688948
2022-01-03,1.1358514550182275,1.1916485292031294,0.937555130956052,1.2403929763971133,1.0867772161936053,1.1207416801568997
2022-01-04,1.1328039487689467,1.1946074101216608,0.9400706052357305,1.2428696922329863,1.0895626422685316,1.117734713656995
2022-01-05,1.127699107965365,1.1999907605752653,0.9443069170786317,1.2473945142031284,1.0944726214757503,1.1126977804965337
2022-01-06,1.1257186126888905,1.202098216381824,0.9459653340939566,1.2491523013499184,1.0963947635096962,1.1107436309518088
2022-01-07,1.1227190304310817,1.205301319218855,0.948485946972403,1.251839395212617,1.099316209635849,1.1077839509298013
2022-01-10,1.1207548948324968,1.2074099280193937,0.9501452713115395,1.2536048422461044,1.1012394032781785,1.1058459434367538
2022-01-11,1.12388930371322,1.2040331714970651,0.9474880054007614,1.2507608344379373,1.0981595732623985,1.1089386565373627
2022-01-12,1.124990228289978,1.2028537406533395,0.9465598776680011,1.2497680506277742,1.097083852673714,1.1100249359574668
2022-01-13,1.1291655779727277,1.1983894041123324,0.9430467640555105,1.2460056933497807,1.0930120762253324,1.1141447426434672
2022-01-14,1.1209986375467695,1.2070570212106646,0.949867558889481,1.2532985427160621,1.1009175284331578,1.106086443739776
2022-01-18,1.111910092482165,1.2168432883526374,0.9575686513129879,1.2614213385059019,1.1098432650348318,1.0971187999331102
2022-01-19,1.1160150448209136,1.2123509433904085,0.9540334970758815,1.2577287314743082,1.1057459430145964,1.1011691457426502
2022-01-20,1.116096088770597,1.2122629036195194,0.9539642160719272,1.2576561727700604,1.1056656447973061,1.1012491115972816
2022-01-21,1.1242692893665254,1.203385470945063,0.946978311383486,1.2503256460352656,1.0975688266130321,1.109313587394421
2022-01-24,1.1243473636227315,1.2033019025095808,0.9469125490007511,1.2502559560603888,1.0974926065556285,1.1093906230602124
2022-01-25,1.1213555625038245,1.2065037955319573,0.9494322098415783,1.2528582053921267,1.100412949249105,1.106438620667747
2022-01-26,1.1143020449236158,1.2140929100081645,0.955404300235798,1.259017079880553,1.1073347342230762,1.099478933193708
2022-01-27,1.1184191786979205,1.2096070679981723,0.951874263357075,1.2554211091586716,1.1032433433344926,1.1035412983940684
2022-01-28,1.1215435804101221,1.2062279249484755,0.9492151194199191,1.2527230231731208,1.100161336644566,1.1066241374474917
2022-01-31,1.120603669068103,1.2072388061371537,0.9500106106271645,1.2535462457150703,1.1010833285639392,1.105696729367853
2022-02-01,1.118647783695743,1.2093459032197758,0.9516687453524039,1.2552694568413798,1.1030051434174266,1.1037668623515908
2022-02-02,1.1217728240359832,1.20596748975671,0.9490101755477538,1.2525045645281558,1.0999238021597841,1.106850331537641
2022-02-03,1.117774701192809,1.2102656917327346,0.9523925531379073,1.2560196577473919,1.1038440526641102,1.1029053941138818
2022-02-04,1.1067061300743941,1.2222501389266334,0.9618234560701407,1.26579258553482,1.114774677939055,1.0919840637432752
2022-02-07,1.1077886486528836,1.2210546016046702,0.9608826536907837,1.264843166683239,1.1136842671543803,1.0930521820126997
2022-02-08,1.103876017367298,1.2253672802383218,0.9642764233752621,1.2683109623951798,1.1176177213482212,1.0891915988867384
2022-02-09,1.1059491632172604,1.2230659664569383,0.9624654539965587,1.2664231087468285,1.1155187677479939,1.091237166511653
2022-02-10,1.0970653168087345,1.23289058638964,0.970196727323756,1.2745271013236275,1.1244794846851744,1.0824714983372106
2022-02-11,1.1079766272627294,1.220628370332134,0.9605472401591509,1.2645193241123016,1.1132955154460056,1.0932376600187375
2022-02-14,1.102064475810166,1.2271416302828675,0.9656727099763189,1.2697746128167955,1.1192360484291222,1.0931283362527355
2022-02-15,1.0952142382656822,1.234769325261406,0.9716751604669768,1.2758772025125815,1.1261930214269613,1.0862243313350262
2022-02-16,1.097265766740468,1.2324563856172164,0.9698550423656118,1.274038655488599,1.1240834642546393,1.0882590201364315
2022-02-17,1.1032586557341337,1.225725131865922,0.9645580270161673,1.2686967514935046,1.1179441062020274,1.0942027173716118
2022-02-18,1.10830774649015,1.2201155702272661,0.9601437031470217,1.2642746605462305,1.1128278071156525,1.0992103633998342
2022-02-22,1.1063927353863887,1.2222237706546808,0.9618027061257124,1.2659249005430073,1.114750628294111,1.0973110713864505
2022-02-23,1.1014931410624207,1.2276363158186068,0.9660619921179191,1.2701950438484164,1.1196872350489648,1.097201340279312
2022-02-24,1.1045499544149393,1.224229435700759,0.9633810210916097,1.2674683226016756,1.1165799302795125,1.097201340279312
2022-02-25,1.1036416128040611,1.2252361973535608,0.964173270518709,1.2682741868102938,1.1174981649039317,1.097201340279312
2022-02-28,1.1176286760949077,1.2097080983404414,0.9519537670117477,1.2558044420169614,1.1033354898302699,1.1109970622845096
2022-03-01,1.12885182335852,1.1975602961015996,0.9423943153406846,1.245822285600935,1.0922558737212755,1.1221536153563467
2022-03-02,1.1145226226605494,1.212761655106989,0.9543566978267825,1.2579264117884554,1.1061205398397436,1.1220413999948111
2022-03-03,1.1146048850446029,1.2126721417467312,0.9542862572133715,1.25785472631369,1.106038897609422,1.1220413999948111
2022-03-04,1.1267900762093925,1.1994148502475936,0.9438537168341757,1.2475775253975234,1.0939473523597125,1.1220413999948111
2022-03-07,1.1227636508174206,1.2037007900251175,0.9472264449509806,1.2507771294769963,1.0978564189108124,1.1220413999948111
2022-03-08,1.1146810359764756,1.2123660597481183,0.9540453925684265,1.2573787185592862,1.105759730153793,1.1138517803941757
2022-03-09,1.1066941436576763,1.2210528830254987,0.9608813012918717,1.26399087503689,1.113682699694103,1.1058708298424171
2022-03-10,1.1027904399601391,1.2253599706537037,0.964270671254877,1.267235431605582,1.1176110545133577,1.1019700302654116
2022-03-11,1.1008938312577605,1.2274673777363876,0.9659290499279968,1.2688220926902487,1.119533152107839,1.100074832525724
2022-03-14,1.0871367823930822,1.2428061217786044,0.977999544613656,1.2804026006455316,1.1335231226589313,1.0863280180771688
2022-03-15,1.086259687387482,1.243808809811974,0.9787885883935672,1.2811248095029633,1.1344376418672943,1.0854515755774479
2022-03-16,1.0824798507240598,1.248136867086125,0.98219445996839,1.2842936864387031,1.13838512241995,1.0816745508849415
2022-03-17,1.081611172214249,1.249138483580894,0.9829826605240485,1.2850252665272854,1.1392986643127372,1.0808065186196438
2022-03-18,1.0874744655094721,1.2423670434518215,0.9776540213690256,1.2800754264326142,1.1331226535693883,1.08666544997765
2022-03-21,1.07011191810303,1.2622025958001957,0.9932631826242886,1.2944889302052565,1.1512140170118346,1.0693158192611802
2022-03-22,1.064538394252626,1.268776596288112,0.9984364509006556,1.2989862151521159,1.1572099494673005,1.069208887679254
2022-03-23,1.0702639019360702,1.2619526149363431,0.9930664655606004,1.2943383824965518,1.1509860175801987,1.074852594231136
2022-03-24,1.0684714849454595,1.2640660612595032,0.9947295966841081,1.2957681777941565,1.152913623369887,1.0730524923601705
2022-03-25,1.0553699310777236,1.279565987862424,1.0069269305188557,1.3062768875862563,1.1670506033026722,1.0729451871109346
2022-03-28,1.0573230365141042,1.2771979771644597,1.0050634754363084,1.3047192736480155,1.164890817609788,1.0748235234276073
2022-03-29,1.0620627088647558,1.2714726692598552,1.0005580675328916,1.300956236572294,1.1596689501113215,1.0747160410752645
2022-03-30,1.0677674501770569,1.2646431076876,0.9951836909583557,1.2964940256458222,1.1534399286862456,1.0747160410752645
2022-03-31,1.0706924300517482,1.2611788181196424,0.992457542800167,1.2942385037810744,1.1502802626208368,1.0747160410752645
2022-04-01,1.0641700295138843,1.2688616158781436,0.9985033552382486,1.2992453103226658,1.1572874930756647,1.0747160410752645
2022-04-04,1.0614609025735606,1.2720918395188978,1.001045310249813,1.3013343187512771,1.1602336752065625,1.0747160410752645
2022-04-05,1.0503686425603103,1.2853851915495438,1.0115062276886124,1.3100788705108866,1.1723581100965497,1.0747160410752645
2022-04-06,1.0440527679608766,1.2931142224372205,1.017588422293218,1.3150463786221394,1.1794075082877886,1.0681462937801331
2022-04-07,1.0396179540120332,1.298606972580791,1.0219108238689367,1.3185600769044872,1.1844172674011528,1.0636091379692125
2022-04-08,1.0343132703477829,1.3052331559466577,1.0271251563386465,1.3227839396224919,1.190460794165761,1.0581820385260383
2022-04-11,1.0281596804898019,1.3129985687485577,1.0332359809080707,1.327710623032635,1.1975433751200197,1.051886442745872
2022-04-12,1.0344791233385242,1.3049284026322323,1.0268853372731428,1.3226251680799885,1.1901828385598505,1.0583517188935534
2022-04-13,1.036381134161295,1.3025291391877103,1.0249972885139425,1.3211218920383754,1.1879945482512835,1.06029762227451
2022-04-14,1.0248214934016397,1.3170573551419475,1.03642995555533,1.3302176912205732,1.2012452624427639,1.0484712205697657
2022-04-18,1.0231729284329796,1.319176021301257,1.0363263125597746,1.3315181881090983,1.20235663261195,1.0467846117934974
2022-04-19,1.0162525904330115,1.3280984074347912,1.0363263125597746,1.3370343261522486,1.20723599213933,1.0397045736831547
2022-04-20,1.0233306632083126,1.3188483673669187,1.0363263125597746,1.331309997413956,1.2021910431041591,1.0469459866021684
2022-04-21,1.019048185357843,1.3243675403228719,1.0363263125597746,1.3347021650510011,1.2052096313469773,1.0425646823381045
2022-04-22,1.0191654567759991,1.3242151329471998,1.0363263125597746,1.3346086395298191,1.2051264144914797,1.042684660019802
2022-04-25,1.0271471435885684,1.3138444218979024,1.0363263125597746,1.3281476202371878,1.1994635803288383,1.0508505396080636
2022-04-26,1.0308006178217195,1.3091711900520704,1.0363263125597746,1.3252781663058446,1.1969037469232615,1.0507454545541028
2022-04-27,1.0264653962222128,1.3146771502954386,1.0363263125597746,1.3286458127966563,1.1999240262400264,1.0507454545541028
2022-04-28,1.0239291794234928,1.3179254880238649,1.0363263125597746,1.3306360333252456,1.2017029079151837,1.048044171424484
2022-04-29,1.0205243536890163,1.322307926485354,1.0363263125597746,1.3333319127639625,1.204100489155149,1.044559157189668
2022-05-02,1.0118870363979637,1.3334994214028852,1.0363263125597746,1.340228915005956,1.210215109313433,1.0357184187621058
2022-05-03,1.0137342992757141,1.3310650350632518,1.0363263125597746,1.338747452750919,1.2088895154288712,1.0376091873142876
2022-05-04,1.017318020525592,1.326359496289893,1.0363263125597746,1.3358899586380695,1.206325338771363,1.0412773103089457
2022-05-05,1.0069854889926262,1.3398308504219898,1.0363263125597746,1.3440697039783867,1.2136766651120277,1.03070143292719
2022-05-06,1.0011098267846,1.3476486328816433,1.0363263125597746,1.3487305195199137,1.2179256761604964,1.0246873904971772
2022-05-09,1.0071751004517546,1.339483836625625,1.0363263125597746,1.3438221168822357,1.2134983581972554,1.0308955100065118
2022-05-10,1.0124387166699067,1.3324835356419602,1.0416386438295726,1.339646789847669,1.2121814410689236,1.036283091890989
2022-05-11,1.0194714167160803,1.3232277092217128,1.0488741752429223,1.3341581835083522,1.2104974066012146,1.0434814220498374
2022-05-12,1.02570460556351,1.3151373125077974,1.048769287825398,1.3294004430432842,1.206008297847401,1.0498614113813407
2022-05-13,1.0178809880157706,1.3251685937363435,1.048769287825398,1.3353071200226063,1.211527634095233,1.0418535364861463
2022-05-16,1.0223562528146986,1.319342293382946,1.048769287825398,1.331830675532335,1.2083316374879887,1.0464342001515166
2022-05-17,1.013698535664602,1.3305150057997983,1.048769287825398,1.3384866624768457,1.2144712156509327,1.0375725814191454
2022-05-18,1.0216087075662694,1.3201326267755213,1.048769287825398,1.3323554747634063,1.2087851014380158,1.0456690491467044
2022-05-19,1.0261076960061677,1.314318990514389,1.048769287825398,1.3289570158871569,1.2055911328525406,1.0502739951786129
2022-05-20,1.0315182252818087,1.3073887614522863,1.048769287825398,1.3248895013091082,1.201776979926406,1.0558119501325383
2022-05-23,1.0245130745408784,1.3162673785494001,1.048769287825398,1.3301034500218154,1.206673817633213,1.0486418181043489
2022-05-24,1.0334314264152165,1.3048093152661404,1.048769287825398,1.3234327937977228,1.2003713846214956,1.0577702098803068
2022-05-25,1.0344370460377237,1.303539621102094,1.048769287825398,1.3227012448651922,1.1996705444953972,1.0587995132786454
2022-05-26,1.034549931032827,1.3033973697545531,1.048769287825398,1.3226190870602283,1.1995919946383173,1.0589150568763246
2022-05-27,1.0355566873666244,1.3021289886758887,1.048769287825398,1.3218879036740272,1.1988915759524628,1.0599455237571251
2022-05-31,1.025822210048732,1.3143693085539525,1.048769287825398,1.3291953458884163,1.2056534942492194,1.0499817856198594
2022-06-01,1.0180021693153458,1.324388999520788,1.048769287825398,1.3352321475203683,1.21116805184586,1.0419775717780955
2022-06-02,1.0198630193703944,1.3219680917693624,1.048769287825398,1.3337499147145084,1.2098396840659764,1.043882247504972
2022-06-03,1.0164870880935652,1.3263440455427715,1.048769287825398,1.3364237379786146,1.2122425571294053,1.0404268082334762
2022-06-06,1.0096556303947364,1.3352579445458694,1.048769287825398,1.3420398678742693,1.2171307945778207,1.0334344599661658
2022-06-07,1.0149344377092846,1.328276782660285,1.048769287825398,1.3376712062365548,1.2133126616930463,1.0388375907190175
2022-06-08,1.010721237753707,1.3337907306295056,1.048769287825398,1.3411170878962115,1.216334686759346,1.034525163897687
2022-06-09,1.00998191772343,1.3347663687842393,1.048769287825398,1.3417288188079557,1.2168685197672129,1.0337684318266414
2022-06-10,1.0006461875147148,1.3471042319597741,1.048769287825398,1.3494753505955113,1.2236173670489339,1.0242128318614716
2022-06-13,0.9770531863712432,1.3788659396258367,1.0733920472136615,1.3690867783012095,1.2524185856788712,1.0000641819043052
2022-06-14,0.9722934675404319,1.3855830910251132,1.0786210812224863,1.3729038305024794,1.2585197482455204,0.9951923649090519
2022-06-15,0.9853725357035859,1.3669445458757008,1.0641117184482918,1.3623359110809072,1.2415904299671436,1.0085794637744
2022-06-16,0.9896355582041314,1.3610307263354542,1.0595080461979787,1.3590912970452957,1.2362189306127065,1.0129428865326653
2022-06-17,0.9922610980904012,1.3574198612762831,1.0566971320063294,1.3571187515291676,1.2329391958825038,1.0156302616265138
2022-06-21,0.9873747392770563,1.3641044330239023,1.0619008040579219,1.3607924043539643,1.2390107664778975,1.015528698600351
2022-06-22,0.9999406469362326,1.3467440432336977,1.0483864341675526,1.3509246425970896,1.2232423917555644,1.015528698600351
2022-06-23,1.0059883644493581,1.338598832254509,1.0420457128278762,1.3464102816181283,1.2158441282105388,1.015528698600351
2022-06-24,1.0026949158873462,1.3429811954656508,1.045457207508873,1.3488406320913473,1.2198246117202833,1.015528698600351
2022-06-27,0.9968717498305147,1.3507805792946568,1.0515287162282005,1.3531562303667246,1.2269087618059262,1.015528698600351
2022-06-28,0.9969983367193822,1.350609051602048,1.0513951887721715,1.353058448356015,1.226752963867919,1.0155561017557102
2022-06-29,1.0055433879452411,1.3390332815059574,1.0423839142135376,1.3465441790321904,1.216238736780822,1.0154545461455347
2022-06-30,1.0159077421928353,1.325231574443664,1.0316398366546573,1.338829868867432,1.203702699779573,1.0154545461455347
2022-07-01,1.0247026282407152,1.3137588193890302,1.022708755190265,1.332480987712712,1.1932820408551357,1.0154545461455347
2022-07-05,1.0300965547467926,1.306843331594623,1.017325324221527,1.3286871365942967,1.187000730109944,1.0154545461455347
2022-07-06,1.0204568020766762,1.3190729099162979,1.0268455623636226,1.3354066876112043,1.1981088086728513,1.0154545461455347
2022-07-07,1.0135867441914754,1.3279533517218534,1.0337586315285725,1.3402064918635808,1.2061748795262188,1.0154545461455347
2022-07-08,1.0067944596990264,1.3368522812010382,1.0406860926088455,1.3450481639560083,1.2142577426618482,1.0085481996158299
2022-07-11,1.0154667613007657,1.3253369355732778,1.0317218560848012,1.3388093797022358,1.2037983988850076,1.0172356075397613
2022-07-12,1.018187215165332,1.3217863338936973,1.0289578545265936,1.3368983274229045,1.2005734011487839,1.019960800175472
2022-07-13,1.0226583619198801,1.3159819979238772,1.0244394108619022,1.333764206359069,1.1953013452967844,1.0244397352411914
2022-07-14,1.0183946106272759,1.321468698227347,1.028710587850136,1.3367389062554171,1.2002848939048385,1.0243372912676671
2022-07-15,1.0211256935008326,1.3179248454889207,1.0259518400729915,1.334813622528447,1.1970660262056927,1.0243372912676671
2022-07-18,1.0186219369196834,1.3211563409124079,1.0284674301593777,1.3365699055879623,1.2000011809670104,1.0243372912676671
2022-07-19,1.0143881764916718,1.3266475435192224,1.0327421120108948,1.3396074447485515,1.2049888189997324,1.0199773420349765
2022-07-20,1.011914782731853,1.3298823227010619,1.0352602583719697,1.3413898211097492,1.2079269563860269,1.0174903201518242
2022-07-21,1.0232353727041197,1.3150045358127032,1.023678495658738,1.3331454708359793,1.1944135202518325,1.0288732853103055
2022-07-22,1.035629617768251,1.2990761493318543,1.0112788831350372,1.3243872780832073,1.1799458285820357,1.0413358212802784
2022-07-25,1.0321679605036698,1.294474090202794,1.014659146534481,1.3218924005811816,1.1790154264237485,1.0412316876981504
2022-07-26,1.032283055423075,1.2946184343374556,1.014546003986792,1.3219704328025437,1.1790417203392107,1.0412316876981504
2022-07-27,1.035065639034487,1.2944889724940218,1.0118112317081167,1.3219003202630464,1.1776997055232459,1.0412316876981504
2022-07-28,1.0441091091223025,1.2830494463801463,1.002970937659709,1.3156408032769609,1.1673393656135673,1.0412316876981504
2022-07-29,1.045125519011989,1.2840418478584212,1.0019945745850085,1.3161807893824493,1.1674265590826804,1.0421411733328905
2022-08-01,1.0515832746124882,1.2919758503140517,0.9958033219957375,1.3205061217138512,1.1688692480732266,1.0485804888755474
2022-08-02,1.0379575491579642,1.2752352757392598,1.0087062874572381,1.3114331466980116,1.1658401600588038,1.0349936715465502
2022-08-03,1.0398644247907733,1.2775780643006789,1.006853150552194,1.3126897039888383,1.166268522894022,1.036895102114674
2022-08-04,1.0444739479708107,1.2832413272812218,1.0023899601345607,1.3157271361579348,1.1673024926428206,1.041491462846436
2022-08-05,1.0309997358318979,1.2666869020580753,1.0153212687564845,1.306875670220507,1.1642907408520347,1.0280557261882615
2022-08-08,1.0364383779988076,1.2733688211298069,1.009965332306352,1.310434399507189,1.1655190943612876,1.033478838365753
2022-08-09,1.033868589042483,1.2702115768562152,1.0124694828784706,1.3087523270754287,1.1649411269373375,1.0309163874166136
2022-08-10,1.0357654255677935,1.2725420313640599,1.010611907248221,1.3099991794528616,1.165368589944306,1.0328078075438119
2022-08-11,1.0278378995168351,1.2628022680397069,1.0183469136737608,1.3047747462143628,1.1635846937786876,1.0249029184658158
2022-08-12,1.0306027955190857,1.2661992209485042,1.0156075485347207,1.3065982471314908,1.1642107050728072,1.0276599193346232
2022-08-15,1.0351506795163998,1.2660726010264094,1.0111258361450253,1.3065303574970495,1.1620858627649895,1.0321948168937445
2022-08-16,1.0325876542987962,1.2628112076255456,1.0136293760329778,1.3047619080462007,1.161440674459844,1.0296391103695366
2022-08-17,1.0264804500621854,1.2553423540854676,1.0196244521835498,1.3007006576328737,1.1600668142595785,1.0235493451947832
2022-08-18,1.0274787141207613,1.256563188981267,1.018632855661864,1.3013699088956658,1.1602924499268046,1.0245447587201213
2022-08-19,1.018777617942094,1.245922114853269,1.0272590416120508,1.2954811123876482,1.158327286841001,1.0158685084363364
2022-08-22,1.0145484641611415,1.2508450073683919,1.0315234035133527,1.2981924917405678,1.162996740499242,1.011651430962567
2022-08-23,1.012942237664312,1.2528253370078668,1.0331565046232074,1.2992836251934032,1.164837989336833,1.010049791029761
2022-08-24,1.0078936780401746,1.259069487145291,1.0383058132616574,1.3027444923452998,1.170643605711551,1.005015647518163
2022-08-25,1.0148576441483435,1.2503700405396145,1.0311317167760747,1.297886804158136,1.1625551311308078,1.011959728089345
2022-08-26,1.0141152984290964,1.251284658321154,1.0318859666162787,1.298394294609777,1.1634055142657822,1.0112195021310255
2022-08-29,1.0073312545638304,1.259655274584546,1.038788889461759,1.303042522661347,1.1711882526330046,1.0044548300365448
2022-08-30,1.0083100073801734,1.2584313562934821,1.0377795714776896,1.302368714865789,1.1700502915149127,1.0054307880338107
2022-08-31,1.0050132434161165,1.262545915423414,1.0411726889404147,1.304662301699272,1.1738758804795835,1.0021434379469505
2022-09-01,0.9957803870212987,1.2741446731565416,1.0507377349556473,1.3111688953449476,1.184660044271265,0.9929369458831018
2022-09-02,1.0009387685263715,1.267544297810268,1.0452946611922738,1.307525766734193,1.1785232207890837,0.9980805976803303
2022-09-06,0.9900786352696662,1.2812970871075224,1.0566360535631416,1.3151074868757988,1.1913101360593696,0.9872514754277287
2022-09-07,0.9951925279350232,1.2746790109845914,1.0565303899577854,1.31151692752834,1.1875705149860243,0.9923507654226872
2022-09-08,0.9936469842389757,1.2766585999129763,1.0565303899577854,1.3125934334528244,1.1886771001370544,0.99080963501152
2022-09-09,0.990435936330446,1.2807842219821628,1.0565303899577854,1.3148399525504624,1.1909818819218463,0.9876077562188303
2022-09-12,0.987243575938118,1.2849124292405985,1.0565303899577854,1.3170814816172522,1.19328513642728,0.9844245115803228
2022-09-13,0.9832433110167363,1.290118834471298,1.0565303899577854,1.3199362298614628,1.1961862178556928,0.9804356693762285
2022-09-14,0.9841977830740247,1.2911131786221788,1.0565303899577854,1.3205422351386835,1.196739385860364,0.9813874159479095
2022-09-15,0.9810419857728079,1.2869732673617253,1.059812466306747,1.3180368830155271,1.195924055315375,0.9782406299949649
2022-09-16,0.9811762950922888,1.286539679939507,1.0596673729333836,1.317767730492958,1.195616816730688,0.9783745557955
2022-09-19,0.978038359008825,1.290654209922226,1.06305633422671,1.3203583751528842,1.1994405629524234,0.9752455800577762
2022-09-20,0.9716633612734714,1.2990668837090875,1.069985491616934,1.325647994372688,1.2072586927855538,0.9688887860659919
2022-09-21,0.9766325160629985,1.2924233642718221,1.0645135105355188,1.3214963528897474,1.2010846868957041,0.9738437514827067
2022-09-22,0.9613440148582173,1.3126553510598624,1.0811777274447971,1.3345552910889007,1.219886830363826,0.9585989064433147
2022-09-23,0.9622766771052444,1.3113818588756185,1.080128806732618,1.3337666357153888,1.2187033389447905,0.959528905482434
2022-09-26,0.9473567011538551,1.3317146657107286,1.0968760647762534,1.3463209878959903,1.2375991772640078,0.9446515333761836
2022-09-27,0.9405455463927291,1.3412892163258976,1.1047622101129217,1.3519716861464677,1.246497071286735,0.9378598278007404
2022-09-28,0.9597939012169325,1.3138396038571163,1.0821531455139963,1.3359311429719076,1.2209873891586573,0.9570532191363441
2022-09-29,0.9567778083131463,1.3179682634588104,1.085553744766457,1.3382073304473259,1.2248242664251043,0.954045738656292
2022-09-30,0.9514228510521975,1.3253447553263966,1.0916294436979948,1.3423582633911961,1.2316794438151852,0.9487060724233325
2022-10-03,0.964019635667634,1.3077972658945611,1.077176331743699,1.3323760869172119,1.2153720777982326,0.9612668870437266
2022-10-04,0.9681345858385656,1.3022148893705499,1.0725783684176071,1.329269875592687,1.2101842212917437,0.9611707603550222
2022-10-05,0.9570693009350904,1.3170985418783794,1.0848373925258776,1.337623997288027,1.2240160101671351,0.9611707603550222
2022-10-06,0.9517127122289734,1.3244701660307534,1.0909090821298593,1.3416866299204842,1.2308666638551822,0.955695099253766
2022-10-07,0.9471863660289518,1.3307693468928168,1.096097446344206,1.3451567801456061,1.2367206664077233,0.9511498128187921
2022-10-11,0.9442426696232711,1.3349051548855584,1.0995039334187682,1.3474594189689473,1.2405641868711759,0.9481937986850614
2022-10-12,0.9459270088766047,1.3325239522305794,1.0975426392580299,1.3461324180088192,1.2383512695529393,0.9498851859589812
2022-10-13,0.9414496943727834,1.3388311289598884,1.1027375893241544,1.3496630497539885,1.2442127028854961,0.945389136390516
2022-10-14,0.9393037849451583,1.341882816542141,1.105251133067672,1.3513667501533724,1.2470487203435203,0.9432342475284975
2022-10-17,0.9379291617630697,1.34384659360429,1.1068686117299487,1.3524645842255438,1.2488737125426927,0.941853872314883
2022-10-18,0.9388387715103114,1.3425433225149872,1.1057951634150964,1.3517361657301354,1.2476625467656661,0.9427672882717176
2022-10-19,0.9290938217906928,1.3564786408798983,1.117273085497865,1.3595328024052427,1.2606130225600598,0.9329815613713154
2022-10-20,0.9217629222276253,1.3671817673484081,1.1260887902008812,1.3654096407267873,1.2705597332576632,0.9256199860812928
2022-10-21,0.9241343504474494,1.3636644058376157,1.1231916908809647,1.3634430701986353,1.2672909521711582,0.9280013374059063
2022-10-24,0.9213216163483181,1.3678149120624021,1.1230793717118766,1.3658362239319628,1.2695545684946572,0.9251768335829532
2022-10-25,0.9325479030148156,1.3511481129370495,1.1366517649174395,1.3562272858876778,1.266409886576628,0.9364500959993622
2022-10-26,0.9372153982180602,1.3443854819605403,1.1423408202928902,1.3524379128303796,1.2651421850351139,0.9411371220674328
2022-10-27,0.9434348839187868,1.335463961574495,1.142226586210861,1.3474527679557293,1.2600541885339214,0.9410430083552261
2022-10-28,0.9389827207303734,1.3417661490285753,1.142226586210861,1.3510081662683127,1.2636219812682503,0.9410430083552261
2022-10-31,0.9330457796724079,1.3502497838862644,1.142226586210861,1.35578265356123,1.26841571115702,0.9410430083552261
2022-11-01,0.9354566757688417,1.346760874762936,1.142226586210861,1.35380911309702,1.2664492362723103,0.9410430083552261
2022-11-02,0.9333394532271374,1.3498090036140022,1.1446975691942565,1.3555672406364074,1.2692649375265574,0.9410430083552261
2022-11-03,0.9304782366457505,1.3539469363773629,1.148206718683574,1.3579588118335217,1.2731559568902704,0.9380640716924944
2022-11-04,0.928382694707934,1.3569961775901234,1.1507926097205936,1.3597306101695474,1.2760232477047897,0.9359514455985443
2022-11-07,0.9248029739451272,1.362228575199061,1.1552299136709838,1.3628414804562343,1.2809434244160436,0.9323425407343253
2022-11-08,0.9308934418418953,1.3532573568541229,1.147621924833551,1.3574644502935636,1.272507525069071,0.9384826618986313
2022-11-09,0.9325459806830895,1.3508550299670534,1.145584645677259,1.3560394196710719,1.2702485467409739,0.9401486732602606
2022-11-10,0.9552548460239938,1.3179597244206882,1.117687975706909,1.3365256749586905,1.239316127541343,0.9630426753403066
2022-11-14,0.950708929678086,1.3242316995689218,1.1230068872618082,1.3398848798447722,1.2452138494585745,0.9629463710727726
2022-11-15,0.957061206516767,1.315383685111892,1.1155033807553025,1.3351431638813211,1.2368938023356355,0.9629463710727726
2022-11-16,0.9673981631173619,1.301176585321881,1.10345513352078,1.327542050714909,1.2235344503242611,0.9629463710727726
2022-11-17,0.9595620809239922,1.3117163269292194,1.1123932992653802,1.3330878475833057,1.233445278031712,0.9629463710727726
2022-11-18,0.9557692394258452,1.3169011213447963,1.1167902336082336,1.335795210408861,1.2383206920661092,0.9629463710727726
2022-11-21,0.9551319141144776,1.317779256340756,1.117534930815474,1.3362526019385692,1.2391464281204712,0.9629463710727726
2022-11-22,0.9607461472902272,1.3100333943190456,1.1109660981852083,1.3321851365388309,1.2318627672108518,0.9685102427258439
2022-11-23,0.9648327231067447,1.3044611098991143,1.1062405552281853,1.329266482042103,1.2266229849770631,0.9726298434623507
2022-11-25,0.967356727900997,1.3010486364035023,1.1033466271947314,1.3274819868422698,1.2234141362091098,0.9751742455427724
2022-11-28,0.9667007301492838,1.3019309220750996,1.1040948443579808,1.3279443313317012,1.2242437752653335,0.9745129464644141
2022-11-29,0.962064349199041,1.3081750962412957,1.1093901794539334,1.3312438148102528,1.2301153551049566,0.9744154951697677
2022-11-30,0.9677383744123979,1.3004597927008017,1.1028472617635392,1.327185369652451,1.2228604292301817,0.9800649229356783
2022-12-01,0.9798433511940691,1.2841929627265345,1.0890522724871416,1.3186145658972241,1.2075642526038866,0.992324086621184
2022-12-02,0.9816079394788655,1.281880274831389,1.087091011149582,1.3174167036495286,1.2053895644451242,0.9941111513145753
2022-12-05,0.9744010840957693,1.2912916960186078,1.095072311412677,1.3222914255337563,1.2142393994167742,0.9940117401994438
2022-12-06,0.9817969995568864,1.2814905121167464,1.0867604751768483,1.3172114948526414,1.2050230591496884,1.0014571036176094
2022-12-07,0.9892787435906019,1.2717249658809973,1.0784788612537033,1.3121543908905497,1.1958402300237574,1.0013569579072477
2022-12-08,0.9844565730956316,1.2779239008605667,1.0837358315240952,1.315401612244634,1.2016692701312897,1.0013569579072477
2022-12-09,0.9772164851158518,1.2873222651221818,1.091706058938395,1.3203168311991846,1.2105068272934005,0.9938924420320289
2022-12-12,0.9741155142155893,1.2914072851194969,1.0951703360683567,1.3224299294306054,1.2143480912335611,0.9907385538325612
2022-12-13,0.9823116628499423,1.280541462840864,1.0859556395325165,1.3168165190191374,1.2041306403210708,0.9990745677102731
2022-12-14,0.9840815612810558,1.278234223283632,1.0839989986258096,1.3156297765087097,1.201961075394012,1.0008746690190835
2022-12-15,0.9883120210807523,1.2727392331233058,1.0793390046100413,1.31279690839817,1.1967939752162229,1.00517732056588
2022-12-16,0.9851492077621091,1.2768122753527025,1.0827931240645217,1.3148959129148226,1.200623976110421,1.0019605346225022
2022-12-19,0.9779040258695451,1.2862024642750518,1.0907564184305458,1.319727727829234,1.2094538457615915,0.994591715498137
2022-12-20,0.9683174951058908,1.2988112880101792,1.10144925707761,1.3261423535559198,1.2213102919903547,0.984841592964977
2022-12-21,0.9692569385272841,1.2975512057269203,1.1013391121519023,1.325511008614515,1.2205505042139277,0.9857970677553238
2022-12-22,0.9701973094431225,1.2962923244466575,1.1013391121519023,1.3248768643140267,1.2198399989908943,0.9867534858675784
2022-12-23,0.96393856377828,1.3046547100016699,1.1013391121519023,1.3291036015804893,1.2245615138195851,0.9803879362604714
2022-12-27,0.9569570469037368,1.31410393136867,1.1013391121519023,1.3340021418163879,1.2298829920925183,0.9732872815322563
2022-12-28,0.9539732799748488,1.318201272899542,1.1013391121519023,1.3361032533651511,1.2321838378055505,0.9702525973608618
2022-12-29,0.9580121655689937,1.318069452772252,1.1013391121519023,1.336035743863701,1.2321099067752823,0.9743604055358096
2022-12-30,0.9542395106730266,1.312747084211014,1.1013391121519023,1.3331969033536293,1.229124748587441,0.9705233712198644
2023-01-03,0.9613939955476326,1.30264211153133,1.1013391121519023,1.327431373290863,1.2234479786351249,0.977799945604158
2023-01-04,0.9694185138879975,1.2917692794111748,1.1013391121519023,1.3212514046974346,1.217320887688953,0.9859614003594883
2023-01-05,0.9679633423740975,1.289571880827963,1.1013391121519023,1.32000458293653,1.2160784339923574,0.9858628042194524
2023-01-06,0.9808508549562237,1.272144541627336,1.0865656939573864,1.3098141768802831,1.1996929320627936,0.9858628042194524
2023-01-09,0.9826163964042917,1.274179985745911,1.0846098647311213,1.3109765136250833,1.199980860790493,0.9858628042194524
2023-01-10,0.9762262888926423,1.2658937947888875,1.0916632516572802,1.306121224031903,1.1984201282929623,0.9858628042194524
2023-01-11,0.9820179793743717,1.273404005408677,1.0851867044306642,1.3105229861523016,1.1998421097595793,0.9916130792987934
2023-01-12,0.9911216058101651,1.285208875187608,1.0751266703195574,1.3174223670798335,1.2020666951701526,1.000805655435265
2023-01-13,0.986293352613101,1.2789479745835421,1.0803641545523583,1.3138154939325417,1.2008955205473786,0.9959302263484929
2023-01-17,0.9831472470155864,1.274868351243177,1.0838103297749593,1.3114729738361275,1.2001293906511943,0.9927533807867261
2023-01-18,0.9963475223737669,1.2919854345009738,1.0692584965348229,1.3213386764008987,1.2033521100292184,1.0060826333772506
2023-01-19,0.9948126059260771,1.2899950750640712,1.0709057354914204,1.32022522763055,1.2029813468357404,1.0045327195700413
2023-01-20,0.98745885895855,1.2804593119315297,1.0788219699238808,1.3148963367420259,1.201202836917674,0.9971071206217416
2023-01-23,0.9843069861652889,1.2763722101433992,1.0822654648957744,1.3126298178410722,1.2004360123544993,0.99392445151412
2023-01-24,0.9893511847377956,1.2829131317978062,1.0767192664131557,1.3163275344275096,1.2016663678645205,0.9990179359351126
2023-01-25,0.9894870242258589,1.283089277807172,1.076571431148799,1.3164272161088764,1.2016993660044635,0.9991551026834593
2023-01-26,0.9871491456089029,1.280057699916014,1.0764637740056842,1.3146977414636114,1.1999477321317322,0.9967943811253229
2023-01-27,0.9848216971173201,1.2770396469945675,1.0764637740056842,1.3129725544405284,1.198250227827615,0.9944441916032146
2023-01-30,0.9825046225759106,1.2740350461992327,1.0764637740056842,1.3112165800605644,1.1965586921281492,0.9921044773930576
2023-01-31,0.9850881957510011,1.2773852215509331,1.0764637740056842,1.3131773514481364,1.1984465592394298,0.9947132941413797
2023-02-01,0.9958654338039904,1.2913602998001752,1.0764637740056842,1.3213942819476316,1.2063134348664566,1.0055958344171383
2023-02-02,0.9951665683958422,1.2904540658730281,1.0764637740056842,1.3208697632755373,1.2058055043555287,1.0048901405358197
2023-02-03,0.9844870716796065,1.2766057309343264,1.0764637740056842,1.3127922194028587,1.1980415402113505,0.9941062966077335
2023-02-06,0.9764497540931177,1.266183566959389,1.0851443397551053,1.3068276691579905,1.1960374648088794,0.9859904480096071
2023-02-07,0.9733632910615441,1.2621812834274158,1.0885743758368762,1.3045565395163137,1.1952813531085005,0.9828738277692827
2023-02-08,0.9767155093007432,1.26652817749907,1.0848253759404185,1.307025463628775,1.1961046518685134,0.9862587998578504
2023-02-09,0.9736282062427163,1.2625248046865818,1.0882544038084863,1.3047543027061366,1.1953484976937778,0.9831413313833433
2023-02-10,0.9681501619347189,1.255421305860568,1.0943773836114667,1.3007144601146028,1.1940033903947331,0.9776097622075434
2023-02-13,0.9698848868462471,1.2576707612646632,1.0924164856179468,1.3019954957286688,1.1944312718344527,0.979361436766855
2023-02-14,0.9660393394738119,1.252684156609861,1.0967478649422842,1.2991578202131857,1.193484099216083,0.9754783153254338
2023-02-15,0.9630134887633086,1.2487604703887814,1.1001831239123654,1.296666459877413,1.1927364475290296,0.9724228996369632
2023-02-16,0.9592164333201869,1.243836746270094,1.104521024022619,1.29353707348138,1.1917958820077479,0.9685887439297317
2023-02-17,0.962497205519034,1.2393337304787626,1.1007432719504275,1.2906553470615303,1.1875766114873243,0.9719015718930744
2023-02-21,0.9524028258377276,1.2523314879325684,1.1122875345778904,1.2991780145631915,1.200031555925867,0.9617085620606389
2023-02-22,0.9541009319286429,1.2500986179013054,1.1121763058244327,1.2977325912509672,1.1986997821847216,0.9634232600042155
2023-02-23,0.9581325514933012,1.2448162396150841,1.1121763058244327,1.2943035727154384,1.1956606688169742,0.9674942717117803
2023-02-24,0.9528075114024002,1.2517345896611438,1.1121763058244327,1.2987842246540702,1.1996477628698634,0.9673975222846091
2023-02-27,0.9552810784541603,1.2484849832070792,1.1091777865795014,1.296681866700727,1.1964853922127536,0.9673975222846091
2023-02-28,0.9554296777330309,1.2482907744319136,1.1090052478127002,1.296555567253292,1.1962992722628538,0.9673975222846091
2023-03-01,0.9485759897254664,1.2572452749148555,1.1169605962223232,1.3023792418038038,1.2048808164275906,0.9673975222846091
2023-03-02,0.943343953124589,1.264179830887054,1.1231213875394896,1.3068294201143211,1.2115265470801964,0.9673975222846091
2023-03-03,0.9518797669103026,1.252740945216175,1.112958864113081,1.299513530770554,1.2005640927515582,0.9673975222846091
2023-03-06,0.9512565116706784,1.2535611930932071,1.113687587915874,1.3000336517576103,1.2013501771787343,0.9673975222846091
2023-03-07,0.9521790727990203,1.2523454465363564,1.1126074955694643,1.2992302779047153,1.2001850666523999,0.9673975222846091
2023-03-08,0.951555621585104,1.2531654354556576,1.1133359893092878,1.2997706607319737,1.2009709029074744,0.9673975222846091
2023-03-09,0.9555687361740616,1.247880304058896,1.108640578132308,1.2962485498444207,1.1959058980438144,0.9673975222846091
2023-03-10,0.9736062332001045,1.2243250783370494,1.087713667933177,1.2803727161409129,1.173331751085261,0.9673975222846091
2023-03-13,0.9857733108165676,1.2090247877802125,1.0741205990199558,1.2706664371453482,1.158668719976276,0.9673975222846091
2023-03-14,0.97855228090995,1.2178811892009116,1.0740131869600538,1.2761549696641485,1.1637148917935642,0.9673975222846091
2023-03-15,0.9891990665415706,1.2046304715855503,1.085591199277576,1.2679638681059195,1.16113606705262,0.9673975222846091
2023-03-16,0.9852255312373271,1.1995506390776356,1.0812304643130892,1.2648705978998986,1.156332537933132,0.9673975222846091
2023-03-17,0.9992520278636599,1.182232920408859,1.096623767652406,1.2542100794158864,1.1529012741443438,0.9673975222846091
2023-03-20,0.9927011294750492,1.174245988944775,1.0894345194226225,1.2494365863360517,1.1452047335750986,0.9673975222846091
2023-03-21,0.982915741200242,1.1855860766446964,1.078695597650502,1.2561959527882107,1.147325042505994,0.9673975222846091
2023-03-22,0.9920070896035915,1.1746201559323317,1.088672849095702,1.249784273875295,1.1452026364326977,0.9673975222846091
2023-03-23,1.0004025354564905,1.184326148675031,1.0978863860269317,1.2554550014085404,1.1547571657581188,0.9673975222846091
2023-03-24,1.0005367164314845,1.1844849987695756,1.0980336422168036,1.2555476294132035,1.1549120498541612,0.9674305366444966
2023-03-27,0.9881134759587561,1.1697777504153752,1.0843998237268058,1.2469293502047312,1.1405719962763547,0.955418361578837
2023-03-28,0.9866108227209089,1.1679988349699426,1.0827507450067095,1.2459077297539496,1.1388374948806121,0.9539654287634718
2023-03-29,0.9851128869568532,1.1662255043040048,1.0811068434528721,1.2448828183857241,1.1371084388295902,0.9538700322205954
2023-03-30,0.9868852375995414,1.1683237009162304,1.083051900140464,1.2461063832139196,1.139154249922968,0.9538700322205954
2023-03-31,0.9927550857424495,1.1752727183347293,1.089493733438301,1.2501653053750466,1.1459297717401358,0.9538700322205954
2023-04-03,0.9970245212234045,1.1803270878519643,1.0941792024614496,1.2531018986450329,1.1508579491893514,0.9538700322205954
2023-04-04,1.0038171811927463,1.1883685756887366,1.1016337706386958,1.2577712611923675,1.1586986657970682,0.9538700322205954
2023-04-05,1.0081565386459312,1.1935057223053331,1.1063959751544834,1.26074944046292,1.1637075536559587,0.9538700322205954
2023-04-06,1.0082885591450395,1.1936620147213493,1.106540860341706,1.2608400420363777,1.1638599439308421,0.9538700322205954
2023-04-07,1.0007969579199136,1.1847930855534379,1.0983192428396518,1.2556645594363585,1.1552124446581928,0.9538700322205954
2023-04-10,0.9992576745233982,1.1829708055090529,1.096629964548788,1.2545772968791995,1.1534356613442165,0.9538700322205954
2023-04-11,0.997723239858821,1.1811542656340686,1.0949460074727313,1.2534941890684554,1.1516644748852582,0.9538700322205954
2023-04-12,0.9995244458458111,1.1832866226343124,1.0969227313028487,1.254775810700436,1.1537435934867861,0.9538700322205954
2023-04-13,0.9963195041126075,1.1794924536222546,1.0934054852222115,1.2524836589437993,1.1500441532104124,0.9538700322205954
2023-04-14,0.9906410627068053,1.1859789757594845,1.087173710219325,1.2564597768817458,1.1512170644023967,0.9538700322205954
2023-04-17,0.9841950605746135,1.1936960221189314,1.0800995798223998,1.261170120670276,1.152715235219479,0.9538700322205954
2023-04-18,0.9859644719959555,1.191549964432039,1.0820414108773215,1.259871229005405,1.1523007589465415,0.9538700322205954
2023-04-19,0.9844711590475603,1.1933546511536044,1.0804025826076864,1.2609994316004678,1.1526498071511482,0.9538700322205954
2023-04-20,0.9894996049685721,1.1872592777414273,1.0802945423494257,1.2571827399278104,1.1490712235431249,0.9538700322205954
2023-04-21,0.9871747927200325,1.1900487229288998,1.0802945423494257,1.2589422100248433,1.150691057350955,0.9538700322205954
2023-04-24,0.9914051687981071,1.1849489638119253,1.0802945423494257,1.2557246428420266,1.1477323983830579,0.9538700322205954
2023-04-25,1.0014278349186334,1.1729696558479086,1.0802945423494257,1.2481416347486265,1.1407705593771245,0.9538700322205954
2023-04-26,0.9990517631352216,1.1699519756025016,1.0776233153383157,1.2462594809191547,1.1378813480538297,0.9538700322205954
2023-04-27,0.9908496334501413,1.1603467697630232,1.0687761199173966,1.2402669180002643,1.1285394393286177,0.9538700322205954
2023-04-28,0.9983936840503742,1.1512801462553506,1.0769134808819483,1.2346589046077625,1.1266855381798535,0.9538700322205954
2023-05-01,0.9860373521115625,1.136801403012135,1.0635853712877703,1.2257556018647127,1.1126062367860283,0.9538700322205954
2023-05-02,0.9984229371249113,1.1222947150872506,1.0769450345975111,1.2170265712951007,1.1096776414573069,0.9538700322205954
2023-05-03,1.0035564244342101,1.1165243291486182,1.0824822508035397,1.2135578970728294,1.1085365386484636,0.9538700322205954
2023-05-04,1.0045307176910965,1.1173849913608251,1.0835331684519933,1.214073891130223,1.1094797264710528,0.9538700322205954
2023-05-05,0.998778547011357,1.110986591518897,1.0773286118243768,1.2101538803174121,1.1031265939685038,0.9538700322205954
2023-05-08,0.9922495888589546,1.1037241358067555,1.0702861763975902,1.2056657457433286,1.0959155186101335,0.9538700322205954
2023-05-09,0.9915638052273681,1.1029613076286218,1.0695464585391723,1.2051955848774072,1.0951580872816622,0.9538700322205954
2023-05-10,0.9999366922724542,1.112274848920861,1.0785778407251798,1.2109414563178296,1.104405737219045,0.9538700322205954
2023-05-11,1.0034109937154705,1.116139471693983,1.0823253825219716,1.2132940126589153,1.1082430185951044,0.9538700322205954
2023-05-12,0.9976719732722394,1.109755699455421,1.0761350103460388,1.2093924264364144,1.10190441020869,0.9538700322205954
2023-05-15,0.9944833561679154,1.1062088563048627,1.0726956208548248,1.207233363570484,1.0983826602308915,0.9538700322205954
2023-05-16,0.9913131886270236,1.1026825354389027,1.0692761319137585,1.2050817640876266,1.0948812873468243,0.9538700322205954
2023-05-17,0.9889841153949709,1.1000918018481394,1.0667638860916664,1.2034989510244416,1.0923088826538467,0.9538700322205954
2023-05-18,0.9825673837957627,1.0929541808114964,1.05984250340187,1.1991245921776397,1.08522175879178,0.9538700322205954
2023-05-19,0.978654604819488,1.0886018196287037,1.0597365191515298,1.196467415977014,1.0825854084382747,0.9538700322205954
2023-05-22,0.9771867661230274,1.0869690761990816,1.0597365191515298,1.1954500213386723,1.0816111766223282,0.9538700322205954
2023-05-23,0.9789385176450595,1.0889176287170286,1.0597365191515298,1.1966631401769414,1.0827745452375699,0.9538700322205954
2023-05-24,0.97666425434067,1.086387862689994,1.0597365191515298,1.1950855567777576,1.0812652485631977,0.9538700322205954
2023-05-25,0.9687796386040736,1.0776174476777283,1.0597365191515298,1.1895828645533344,1.0760278124905456,0.9538700322205954
2023-05-26,0.971304255551272,1.0804256933949112,1.0597365191515298,1.1913291732352818,1.077710274389715,0.9538700322205954
2023-05-30,0.9802036127611214,1.0903248512841799,1.0499209475251887,1.1974747098079264,1.0796420216731737,0.9538700322205954
2023-05-31,0.9843843690481453,1.0949752957607761,1.0454428334424632,1.200340400359932,1.0805629977053126,0.9538700322205954
2023-06-01,0.9869653388351443,1.0978462252927044,1.042701773697926,1.202113769587043,1.0811296260545058,0.9538700322205954
2023-06-02,0.9805764218763715,1.090739543739758,1.0494514889946998,1.1976740511714283,1.0797299320367435,0.9538700322205954
2023-06-05,0.9807200062810034,1.0908992591729485,1.0492978193123828,1.1977726285806394,1.0797615526990387,0.9538700322205954
2023-06-06,0.9800557410355198,1.0901603668697921,1.0500085339598528,1.1973138558765843,1.0796152830056962,0.9538700322205954
2023-06-07,0.9729373703988335,1.0822422809692844,1.0576349878475804,1.1923961865254633,1.0780469841003002,0.9538700322205954
2023-06-08,0.9778684218998734,1.0877273127775238,1.0522746709833608,1.1957861549106357,1.0791397379323295,0.9538700322205954
2023-06-09,0.9764053465408578,1.089137212268719,1.0538490721068177,1.196715041467757,1.080624837487929,0.9538700322205954
2023-06-12,0.97815444683203,1.087186167836348,1.0519612416833117,1.1953921897755522,1.0786890418426118,0.9538700322205954
2023-06-13,0.9694536579182073,1.0968568056246932,1.0613185499683715,1.2020116243502628,1.0882840967821699,0.9538700322205954
2023-06-14,0.9703939985162336,1.0957928878436565,1.0602891032157369,1.2012777188920627,1.0872284942682877,0.9538700322205954
2023-06-15,0.9792730609712667,1.085766431060307,1.050587504501979,1.1943461945881728,1.0772804013099015,0.9538700322205954
2023-06-16,0.9753902899356648,1.0900714432351222,1.0547530339088635,1.197415311063564,1.0815517667810186,0.9538700322205954
2023-06-20,0.9779370075123901,1.0872252962793674,1.051999102361383,1.195374635895043,1.0787278644692773,0.9538700322205954
2023-06-21,0.9796892684276255,1.085277213347552,1.0501141374855576,1.1939453381065364,1.076795007178302,0.9538700322205954
2023-06-22,0.9733874219042226,1.0922582538205576,1.0568689916416214,1.1991742586057743,1.08372148590078,0.9538700322205954
2023-06-23,0.978318746062276,1.0867247125062867,1.0515147375459764,1.194992604705405,1.0782311931111224,0.9538700322205954
2023-06-26,0.980071690974063,1.0847775265170898,1.0496306405517508,1.1935299047973462,1.076299225752527,0.9538700322205954
2023-06-27,0.9761857534085456,1.0890786177325011,1.0537923760386563,1.1968883204833227,1.0805667009093007,0.9538700322205954
2023-06-28,0.9811373019413644,1.0835544379204847,1.0484471801317805,1.1925908792147863,1.0750856964551607,0.9538700322205954
2023-06-29,0.9699780892933305,1.095878517704782,1.060371958661933,1.2021246302218136,1.0873134548717087,0.9538700322205954
2023-06-30,0.9732968679290991,1.092128970934498,1.0567438975322851,1.1993244695771184,1.0835932134515744,0.9538700322205954
2023-07-03,0.9694592662617647,1.0964351144123043,1.0609105215878458,1.2025614071607966,1.0878657013837527,0.9538700322205954
2023-07-05,0.9624813179101444,1.104327006176642,1.0685467153743846,1.2085012997495794,1.0956959124528842,0.9538700322205954
2023-07-06,0.9548061299513266,1.1131333249931028,1.07706770869723,1.2151318337496029,1.1044334036823704,0.9538700322205954
2023-07-07,0.9541870716640838,1.1138550363311712,1.0777660365253354,1.2156695300615143,1.1051494743377739,0.9538700322205954
2023-07-10,0.9581989253598253,1.1091718630030813,1.0732345984193483,1.2121764758432896,1.1005029033092684,0.9538700322205954
2023-07-11,0.9599049974903877,1.107196983723434,1.0713237053996854,1.210693365135583,1.0985434591028016,0.9538700322205954
2023-07-12,0.9701834191099438,1.0953413965097376,1.059852240240204,1.2017995835298163,1.0867805316572892,0.9538700322205954
2023-07-13,0.9782562133480958,1.0862271758990976,1.0510333211680218,1.1951539090622407,1.0777375451031102,0.9538700322205954
2023-07-14,0.9727810443305654,1.0923066439344986,1.0569158139116723,1.1995196934604695,1.0837694978118817,0.9538700322205954
2023-07-17,0.9745203564340795,1.090353622565901,1.055026070604845,1.1981255918876066,1.0818317406814877,0.9538700322205954
2023-07-18,0.9754656474195543,1.0892959725706122,1.0540026885611564,1.1973653876267987,1.0807823569661912,0.9538700322205954
2023-07-19,0.9796083737196271,1.0846698177838505,1.0495264215908122,1.1940090038186169,1.076192358838935,0.9538700322205954
2023-07-20,0.9717088336119167,1.0934165710365527,1.057989779279332,1.2003386853866214,1.0848707500515165,0.9538700322205954
2023-07-21,0.972651350342842,1.0923560029152954,1.0569635736572094,1.1995832439622236,1.0838184710174623,0.9538700322205954
2023-07-24,0.9712091064350646,1.0939757444493747,1.0585308354250693,1.2007425649065187,1.0854255531300925,0.9538700322205954
2023-07-25,0.9673915888520026,1.098275819080273,1.062691587264888,1.2038221464062657,1.0896920196476776,0.9538700322205954
2023-07-26,0.9714825306875265,1.0936313891027996,1.0581976372215964,1.2004938859916925,1.0850838891632029,0.9538700322205954
2023-07-27,0.9597291408018229,1.1068625854458485,1.0710001416553032,1.210198621104514,1.098211674383391,0.9538700322205954
2023-07-28,0.9637720542898672,1.102199863969691,1.066488492759472,1.2068956609748716,1.0935853953611838,0.9538700322205954
2023-07-31,0.9631402398148908,1.1029224267637392,1.0671876444563093,1.2074116950741605,1.0943023108178382,0.9538700322205954
2023-08-01,0.9570330847553915,1.1099159236610756,1.073954551447475,1.2124914194929914,1.1012411486089135,0.9538700322205954
2023-08-02,0.9548639605098765,1.112431558260178,1.0763886792673312,1.214363479919741,1.1037371217509673,0.9538700322205954
2023-08-03,0.945761697384265,1.1230358382113361,1.0762810403994045,1.222631907463496,1.11000581228468,0.9538700322205954
2023-08-04,0.9573120740747222,1.1093204519738724,1.0762810403994045,1.212083290531643,1.101872060222647,0.9538700322205954
2023-08-07,0.9543677807295112,1.1127322597979927,1.0762810403994045,1.2145970505193608,1.1039054000260689,0.9538700322205954
2023-08-08,0.9599170248948913,1.1062621933047652,1.0762810403994045,1.2098031389348323,1.10005415479928,0.9538700322205954
2023-08-09,0.9616257627115471,1.1042929480514647,1.0762810403994045,1.2083436236501324,1.098879238164242,0.9538700322205954
2023-08-10,0.9547587200154148,1.1121787879669058,1.0762810403994045,1.2141832388104083,1.1035875462851201,0.9538700322205954
2023-08-11,0.9495171204152721,1.1182846194907072,1.0762810403994045,1.2187396153162597,1.1072227457884485,0.9538700322205954
2023-08-14,0.9473817291133002,1.1207995559760495,1.0762810403994045,1.2206114316763406,1.108716781295466,0.9538700322205954
2023-08-15,0.9460168607918409,1.122414262869425,1.0762810403994045,1.221818917878715,1.1096751610271565,0.9538700322205954
2023-08-16,0.9408594880358884,1.1285332962398977,1.0762810403994045,1.226400960686965,1.113304911413623,0.9538700322205954
2023-08-17,0.9395140958351281,1.1301470546324808,1.0746343725811536,1.2276018919974705,1.1135787756969664,0.9538700322205954
2023-08-18,0.9426775129623975,1.1263417614870068,1.0782527502029964,1.2247689508856117,1.1128288744049646,0.9538700322205954
2023-08-21,0.9367985116806266,1.1333661834854538,1.0715282349649105,1.2300266781903337,1.1142169042007446,0.9538700322205954
2023-08-22,0.9369598492020826,1.1331709926427425,1.07171277593871,1.2298811767321025,1.1141785256184888,0.9538700322205954
2023-08-23,0.9483300695828891,1.119419705512928,1.0847182536629971,1.2196617442041409,1.111474363771931,0.9538700322205954
2023-08-24,0.9454399217507214,1.1228312692067766,1.0814124467399755,1.2221047620730363,1.1121518336373288,0.9538700322205954
2023-08-25,0.9440823581905159,1.1244435501992187,1.0798596393140647,1.2232586867797468,1.112471222901105,0.9538700322205954
2023-08-28,0.948023046976576,1.1197500167904169,1.0843670752747578,1.2198519243825214,1.111542510943961,0.9538700322205954
2023-08-29,0.9542717122617651,1.1123694545980498,1.0915144193412136,1.2145047570992797,1.1100772180645742,0.9538700322205954
2023-08-30,0.9544277281131349,1.112187591020552,1.091692873285963,1.214370416423805,1.1100409203015709,0.9538700322205954
2023-08-31,0.9568923371413772,1.1093156003006812,1.0945119407043913,1.2122502759331995,1.1094676308227955,0.9538700322205954
2023-09-01,0.9500937045420181,1.117197186253927,1.0867355333995836,1.2180725474100234,1.1110441640460376,0.9538700322205954
2023-09-05,0.9433775311522719,1.1250946072951862,1.0790534445316986,1.2238810888371083,1.1126149491620163,0.9538700322205954
2023-09-06,0.9412724356437737,1.1276051945481598,1.0766455956223244,1.225702963349923,1.1131114970773155,0.9538700322205954
2023-09-07,0.9436895923263663,1.1247095414639767,1.0794103861311026,1.2236035270442644,1.1125398103282413,0.9538700322205954
2023-09-08,0.9446047268899621,1.1236188644195662,1.0804571347237386,1.2228042271588153,1.112324035217,0.9546996521717377
2023-09-11,0.9424953962510773,1.1261279389876688,1.078044441590413,1.2246549822399688,1.11282080579226,0.9546041822065205
2023-09-12,0.9441629058385367,1.1241355376004185,1.0799517712699103,1.2231866075995101,1.112427034242783,0.9561976548402701
2023-09-13,0.9458341097897952,1.1221457753034985,1.0818633266340898,1.221719340894781,1.112033226681902,0.9561020350747861
2023-09-14,0.9429628373917612,1.1255522777311975,1.0785791097972703,1.2242755450080582,1.1127083874265653,0.9561020350747861
2023-09-15,0.9401077487687093,1.1289602079012657,1.0753134042749175,1.2268283326087157,1.1133821957532017,0.9561020350747861
2023-09-18,0.941019420963388,1.1278653954908902,1.0763561925430993,1.225986988622163,1.1131662546355483,0.9561020350747861
2023-09-19,0.9374245578934272,1.1321740437162222,1.072244318717227,1.2292990478341987,1.1140167536093992,0.9561020350747861
2023-09-20,0.9390801626078299,1.130174487945555,1.074138031372941,1.2277635910707418,1.113623256047666,0.9561020350747861
2023-09-21,0.9287621673180578,1.1425921020189476,1.0623361090349228,1.2373043337377425,1.1160704080519361,0.9561020350747861
2023-09-22,0.9326039731392719,1.1378657930205036,1.0667304407501794,1.2337552101987472,1.1151470875418168,0.9561020350747861
2023-09-25,0.9246269133692085,1.1475985667408228,1.0576061256823737,1.2410890698149186,1.1170547772420416,0.9561020350747861
2023-09-26,0.9240640239929185,1.1482971955954713,1.0569622819397375,1.2416055341646686,1.1171907841563444,0.955424374240466
2023-09-27,0.92058606784292,1.1526191118152915,1.0529841285073547,1.2448152552940859,1.1180317519805627,0.9518283852267506
2023-09-28,0.9222034967935884,1.1505940110825463,1.0548341749870205,1.2433010139388905,1.1176388855259014,0.9535007055454157
2023-09-29,0.9223714695733616,1.1503844386019562,1.0550263054974647,1.2431372440263682,1.1175981715379286,0.9536743788882115
2023-10-02,0.915273196751977,1.1592374255644096,1.0469071639181806,1.2499830845798932,1.1193183064267334,0.9463352089903783
2023-10-03,0.9068334016356844,1.1699268310857571,1.0372535632221223,1.2581434092819488,1.1213825681596632,0.9376089889901033
2023-10-04,0.9126604033561423,1.1624092808441688,1.0439186003574379,1.2524656352636945,1.119941443882112,0.943633744123855
2023-10-05,0.9135457730429994,1.1612816303651996,1.044931303309055,1.2516126838654005,1.1197241533758466,0.9445491609749319
2023-10-06,0.9094262392989754,1.166518301590408,1.0402193010304717,1.2555715983282705,1.1207340078505634,0.9402898208779769
2023-10-10,0.9181163209133781,1.1553715600434196,1.0501591842581648,1.247131313670512,1.1185921585008536,0.9492748214547367
2023-10-11,0.9240524844363914,1.147901401465437,1.056949082772058,1.2416084661808946,1.1171456868899763,0.9491798939725913
2023-10-12,0.9154807175619887,1.158549652916396,1.0471445302296103,1.2496620876719424,1.1192182774741801,0.9491798939725913
2023-10-13,0.9206727234922034,1.1519791194764244,1.0530832469130404,1.2446844399610408,1.1179487831369699,0.9491798939725913
2023-10-16,0.9150509330880227,1.1590133076243303,1.0466529344456055,1.249988754958592,1.1193140617166515,0.9491798939725913
2023-10-17,0.906622332528111,1.1696890633231094,1.0370121382993949,1.257981843448209,1.1213760783293145,0.9491798939725913
2023-10-18,0.9011490180225422,1.1767505219786,1.0307516554330862,1.2631659158475879,1.1227300365841488,0.9491798939725913
2023-10-19,0.8964323359351112,1.1829097231732828,1.0253566233434552,1.267688244098536,1.123905327362182,0.9441168966598936
2023-10-20,0.9000738584628416,1.1781044609883646,1.0295218671585031,1.2641364291560555,1.1229922129185008,0.9479521252769108
2023-10-23,0.9051316174388541,1.1714843726964768,1.035307029582301,1.2592676839992158,1.1217301333921426,0.9532789252115711
2023-10-24,0.9074172633137269,1.1685261306327335,1.037921395488651,1.2571133992421715,1.1211636129430254,0.9556861530677566
2023-10-25,0.899113132191908,1.1792197713649035,1.0284229698902623,1.2648943197039368,1.123215654495969,0.9555905844524498
2023-10-26,0.9055533855648624,1.170773143417792,1.03578945611265,1.2588221359920755,1.1216065592334434,0.9555905844524498
2023-10-27,0.9071360736625749,1.1687269153888913,1.0375997653335722,1.2573259308777491,1.1212144998850027,0.9555905844524498
2023-10-30,0.9044865367656886,1.1721404992762616,1.0345691738465066,1.2598335586896199,1.1218694620837333,0.9555905844524498
2023-10-31,0.9046616913013797,1.1719135133383065,1.0347695189881088,1.2596670186502157,1.1218260119013923,0.9555905844524498
2023-11-01,0.9125659703730596,1.1616741812804037,1.043810586087108,1.2521012049120832,1.119865671156736,0.9555905844524498
2023-11-02,0.9198646731922496,1.1523831109390172,1.0521589833698382,1.245372885196239,1.1180743339829766,0.9555905844524498
2023-11-03,0.9272533118888194,1.1431268119475482,1.0606102510465187,1.2386416075096567,1.1162781899347354,0.9555905844524498
2023-11-06,0.9201095616183902,1.151933696072179,1.0524390914824728,1.2452112506081128,1.1179981972981983,0.9555905844524498
2023-11-07,0.9267781579999149,1.1435849284929445,1.0600667608492498,1.2390688769574756,1.116377634042679,0.9555905844524498
2023-11-08,0.933520713175023,1.1352650469644174,1.0677790257128816,1.2329663569057008,1.1147532457834577,0.9555905844524498
2023-11-09,0.924079627464036,1.1467464575660364,1.0569801294914334,1.2412878868231094,1.1170080390176105,0.9555905844524498
2023-11-10,0.9249759451296118,1.1456341626108133,1.0580053549526045,1.2404929097795867,1.1167913490250587,0.9555905844524498
2023-11-13,0.9236892270976224,1.1472278344709912,1.0565335820104789,1.2416370038951494,1.1171020588493146,0.9555905844524498
2023-11-14,0.9376574949482356,1.129879157873428,1.0725107566204524,1.2291754683710951,1.1137234374869092,0.9555905844524498
2023-11-15,0.9311254809006083,1.137750247872829,1.0650393127657185,1.2345484636740809,1.1152751463311366,0.9555905844524498
2023-11-16,0.937178364106944,1.1303541777301747,1.0719627175082154,1.2295288314457402,1.113825152674612,0.9555905844524498
2023-11-17,0.9380872471609535,1.1292579512310208,1.0730023155034183,1.2287891116700644,1.1136091133708534,0.9555905844524498
2023-11-20,0.939741482505101,1.1272666029622542,1.072895015271868,1.2274428745653259,1.1123863172645037,0.9555905844524498
2023-11-21,0.9406528346631815,1.126173390764573,1.072895015271868,1.2266969717270217,1.1117390483997798,0.9555905844524498
2023-11-22,0.9400698321800842,1.1268713760988212,1.072895015271868,1.2271729005620775,1.1121524718873124,0.9555905844524498
2023-11-24,0.9365007908233552,1.1311496226793798,1.072895015271868,1.2301868733746004,1.1146858910214734,0.9555905844524498
2023-11-27,0.9426038757229227,1.123778030205596,1.072895015271868,1.2250020353667919,1.1103273110634535,0.9555905844524498
2023-11-28,0.946517614696686,1.119112046977698,1.072895015271868,1.2217436773253554,1.1075612299664856,0.9555905844524498
2023-11-29,0.9519647835748879,1.1126716044345646,1.072895015271868,1.2172402998910101,1.1037368491189028,0.9555905844524498
2023-11-30,0.9445075465927386,1.121387741817733,1.072895015271868,1.2233621022547478,1.1089245371879306,0.9555905844524498
2023-12-01,0.9559537701213925,1.1077979565360354,1.072895015271868,1.2139726092061323,1.1008612888794223,0.9555905844524498
2023-12-04,0.951512204591292,1.1129450226095772,1.072895015271868,1.21743281644207,1.1039301909792516,0.9555905844524498
2023-12-05,0.9592849666779399,1.1038535397736013,1.072895015271868,1.2112891959122607,1.09851948577126,0.9555905844524498
2023-12-06,0.9640709298583959,1.1091399984932773,1.072895015271868,1.2148632689582326,1.101676033830424,0.9555905844524498
2023-12-07,0.962673952721079,1.107532810503275,1.072895015271868,1.213781837816773,1.100718210385493,0.9555905844524498
2023-12-08,0.9558534945998404,1.0996860404410085,1.072895015271868,1.208498415388048,1.096039116844425,0.9555905844524498
2023-12-11,0.9560139414364339,1.0998706305977968,1.072895015271868,1.2086208117985646,1.096149503641193,0.9555905844524498
2023-12-12,0.9584742461578708,1.102701150936615,1.072895015271868,1.2105126026654922,1.0978420700457103,0.9555905844524498
2023-12-13,0.9709496041384583,1.1170537448207851,1.072895015271868,1.2200898222971372,1.1064156793324726,0.9555905844524498
2023-12-14,0.9805367996000404,1.1280835784465908,1.072895015271868,1.227179761950182,1.1129705550959361,0.9555905844524498
2023-12-15,0.9814878075035668,1.1291776897531514,1.072895015271868,1.2278694474889094,1.1136182271433617,0.9555905844524498
2023-12-18,0.9784414810640091,1.1256729657770044,1.0761177604655303,1.2256518820122102,1.1128823962621741,0.9555905844524498
2023-12-19,0.9801860133076398,1.127680007406562,1.074199074302476,1.2269197350848722,1.1132792435465997,0.9555905844524498
2023-12-20,0.9859234498062064,1.134280787610888,1.0679113402479654,1.231101921111103,1.1145825408551313,0.9555905844524498
2023-12-21,0.9836586441556833,1.131675184166152,1.0703644836823027,1.2294624103167333,1.1140704700981168,0.9555905844524498
2023-12-22,0.9830082645315403,1.130926938333817,1.0710721918437969,1.228977298844301,1.1139231489236594,0.9555905844524498
2023-12-26,0.9839616884801372,1.1320238292410716,1.0700333543128973,1.229686981977234,1.1141392286953968,0.9555905844524498
2023-12-27,0.992138270968455,1.1414307871815055,1.069926350977466,1.23588313591208,1.1196496667896356,0.963435848019837
2023-12-28,0.9882215260292041,1.1369246680345904,1.069926350977466,1.2329532106980374,1.116997587561696,0.963339504435035
2023-12-29,0.9851402772758546,1.1333797667915362,1.069926350977466,1.2306460637002525,1.1149079260838703,0.963339504435035
2024-01-02,0.9796651355916698,1.1270807503485871,1.069926350977466,1.2265555692235546,1.1111901130976773,0.9578891915656306
2024-01-03,0.9830050049362045,1.130923188249198,1.069926350977466,1.2290343884967336,1.1134630712707434,0.9611548224737254
2024-01-04,0.9767504121416654,1.123727432389481,1.069926350977466,1.2243294917452743,1.1092122741328343,0.961058706991478
2024-01-05,0.972149304625597,1.1184339708552877,1.069926350977466,1.220822654839972,1.106077222515971,0.9564354113851475
2024-01-08,0.9754517076764275,1.122233304702394,1.069926350977466,1.2233407186821346,1.1083316372092968,0.956339767844009
2024-01-09,0.9748161433638023,1.1215021035231914,1.069926350977466,1.2228572042582173,1.10789835115549,0.956339767844009
2024-01-10,0.9733918965585621,1.1198635424479702,1.069926350977466,1.221766731442032,1.1069271398981226,0.956339767844009
2024-01-11,0.978275577794544,1.1254820981278042,1.069926350977466,1.2255587627385678,1.1102593307588637,0.9610422615236758
2024-01-12,0.9800186026531533,1.1274874055478046,1.069926350977466,1.2269138261738906,1.1114462414762172,0.9609461572975234
2024-01-16,0.9714114569818212,1.1175850952081132,1.0604225857346556,1.2200654999041907,1.1016403569757356,0.9524104233364028
2024-01-17,0.9692128578512934,1.1150556607434945,1.058022527388389,1.2183383641785746,1.0991470102959193,0.9502548293153491
2024-01-18,0.9662416688694186,1.1116373805725905,1.0547790862283934,1.2159829932401818,1.0957774991921438,0.9473417574798243
2024-01-19,0.9656221335975967,1.110924620412344,1.0541027824951223,1.2154799518976704,1.0950749080778395,0.9467343404617659
2024-01-22,0.9688907157370524,1.1146850441290548,1.0576708671610957,1.2181553821954374,1.098781681319018,0.949938988375659
2024-01-23,0.966704022871016,1.1121693075301957,1.055283806058878,1.2163506144868517,1.0963018370756517,0.9477950677297988
2024-01-24,0.9637482489916335,1.108768762057254,1.052057192498276,1.2139122974848027,1.0929498076464954,0.9448971094737824
2024-01-25,0.9670070228791041,1.1125179016202216,1.0556145701750979,1.2166055208400939,1.0966454577264837,0.9480921409873767
2024-01-26,0.9663869968772509,1.11180457688709,1.0549377307458505,1.2160940268391223,1.0959423100941323,0.9474842428380803
2024-01-29,0.971992186113809,1.1182532098546907,1.0610565274936576,1.2208352912997342,1.1022989395399738,0.9529797932717322
2024-01-30,0.9737200410275837,1.120241064624611,1.0629427069928497,1.222299837521967,1.1042584333160994,0.954673850942212
2024-01-31,0.9793888615313433,1.1267629038070477,1.0691309655865249,1.227102968469534,1.110687224533774,0.9545783835571178
2024-02-01,0.9890811437780983,1.1379136372060323,1.079711358609382,1.2352907362775942,1.121678868905974,0.9545783835571178
2024-02-02,0.976313831971962,1.1232251575943701,1.0657741688624043,1.2247303160087102,1.107199951826457,0.9545783835571178
2024-02-05,0.9654002112832305,1.1106693042236708,1.0538605252798698,1.2159704544287768,1.0948232345198823,0.9545783835571178
2024-02-06,0.9717714918808691,1.1179993065436278,1.0608156108898137,1.2209906967118396,1.1020486587019098,0.9545783835571178
2024-02-07,0.9719292119364957,1.1181807596056819,1.0609877829472953,1.2211149070725338,1.1022275229485008,0.9545783835571178
2024-02-08,0.9673781483407964,1.112944872376494,1.0560197021291127,1.217461178754812,1.0970663368330282,0.9545783835571178
2024-02-09,0.9659798506959254,1.1113361651748848,1.0544932774678184,1.2163338180438146,1.0954805812753987,0.9531031295058106
2024-02-12,0.9661396973616952,1.1115200648498362,1.0546677709982564,1.2164632131859352,1.0956618572287287,0.9530078191928599
2024-02-13,0.9554210668058777,1.099188542852512,1.0429669846344125,1.2074880806817185,1.0835062707293788,0.9530078191928599
2024-02-14,0.9586369146135287,1.1028882970117382,1.046477502883923,1.2100996047862436,1.0871532399938832,0.9530078191928599
2024-02-15,0.9611009320028078,1.105723088684,1.0491672999544175,1.2120982557139781,1.089947587308618,0.9530078191928599
2024-02-16,0.9566407921579387,1.100591807003777,1.0442984742955879,1.2082891037754553,1.0848895143205461,0.9530078191928599
2024-02-20,0.959097414275024,1.103418090596461,1.0441940444481583,1.2104033289834484,1.0865176951126234,0.9530078191928599
2024-02-21,0.9554221158388099,1.0991897497392134,1.0441940444481583,1.2072140080040081,1.0840195483802908,0.9530078191928599
2024-02-22,0.9548231683677151,1.0985006753395887,1.0441940444481583,1.20669572451135,1.0836118097966703,0.9530078191928599
2024-02-23,0.9603203887551641,1.1048250927900227,1.0441940444481583,1.2114517627173162,1.0873550283088969,0.9530078191928599
2024-02-26,0.958944885925315,1.1032426104649407,1.0441940444481583,1.2102723193850948,1.0864205527301194,0.9530078191928599
2024-02-27,0.9568065713001368,1.100782531847596,1.0441940444481583,1.2084399481504065,1.0849670120786634,0.9530078191928599
2024-02-28,0.9600270825716208,1.1044876512077721,1.0441940444481583,1.211208951281575,1.087158143659317,0.9530078191928599
2024-02-29,0.9617263667139946,1.1064426360047817,1.0441940444481583,1.2126791454003245,1.0883127302083697,0.9530078191928599
2024-03-01,0.9665111313806612,1.1119473905936963,1.0441940444481583,1.2168321355171923,1.091561463202294,0.9530078191928599
2024-03-04,0.9643421392206338,1.1094520182236798,1.0441940444481583,1.214948116789107,1.0900916891796244,0.9530078191928599
2024-03-05,0.9714666713512171,1.1176486179881193,1.0441940444481583,1.2212406781423186,1.094923828904091,0.9530078191928599
2024-03-06,0.9731916276685885,1.119633137993853,1.0441940444481583,1.2227981728398585,1.0960903305441823,0.9530078191928599
2024-03-07,0.9749204322751737,1.1216220853620975,1.0441940444481583,1.2243703788052978,1.097258605707349,0.9530078191928599
2024-03-08,0.9750786634088247,1.1218041264069043,1.0441940444481583,1.2245152587168229,1.097365457795381,0.9530078191928599
2024-03-11,0.9744495756014011,1.1210803762883519,1.0441940444481583,1.2239281861393023,1.0969406679261986,0.9530078191928599
2024-03-12,0.9698894411488587,1.1158340532604758,1.0441940444481583,1.219673787519053,1.093860654106632,0.9530078191928599
2024-03-13,0.9677082340574079,1.1133246279109525,1.0441940444481583,1.2176166442243235,1.0923846487922715,0.9530078191928599
2024-03-14,0.9600938703259777,1.1045644888837898,1.0441940444481583,1.2104479816214837,1.0872274244815967,0.9530078191928599
2024-03-15,0.9587221137490557,1.1059217483388333,1.0441940444481583,1.2115394376420714,1.0880289981605504,0.9530078191928599
2024-03-18,0.9565888455130314,1.1083825528862885,1.0441940444481583,1.2136266977298773,1.089481592818604,0.9530078191928599
2024-03-19,0.9598052385293419,1.1046557752647161,1.0441940444481583,1.2103434459946858,1.087283657308707,0.9530078191928599
2024-03-20,0.9622699868407186,1.1018190555350882,1.0441940444481583,1.2078557598699458,1.0856083920877468,0.9530078191928599
2024-03-21,0.9624330381440445,1.1016323584173446,1.0441940444481583,1.2076919865659659,1.085498021901218,0.9530078191928599
2024-03-22,0.966447276683036,1.0970375295890586,1.0441940444481583,1.2036555070500805,1.0827815016941076,0.9530078191928599
2024-03-25,0.9642830371647458,1.099494209877644,1.0441940444481583,1.2058288614414305,1.0842363550971919,0.9530078191928599
2024-03-26,0.9652181405093507,1.0984279869188192,1.0441940444481583,1.2048856528507654,1.0836054990085222,0.9530078191928599
2024-03-27,0.9684749744117533,1.0947216770630417,1.0441940444481583,1.201608067173295,1.0814117214708527,0.9530078191928599
2024-03-28,0.9686363869074887,1.0945392234501978,1.0441940444481583,1.2014468907292084,1.0813035802987057,0.9530078191928599
2024-04-01,0.9586852989675175,1.1057837484479365,1.0441940444481583,1.2116302771264524,1.0879687110925496,0.9530078191928599
2024-04-02,0.9565551414128888,1.1082407524387967,1.0441940444481583,1.2137799931693964,1.0894191629384031,0.9530078191928599
2024-04-03,0.956720640635768,1.1080490091975017,1.0441940444481583,1.213611684341339,1.0893060708538695,0.9530078191928599
2024-04-04,0.9606974892888651,1.1034431263278015,1.0441940444481583,1.2095321904572967,1.086589286958955,0.9530078191928599
2024-04-05,0.9547232032034478,1.1103051042023866,1.0441940444481583,1.2155993283140236,1.0906435883368721,0.9530078191928599
2024-04-08,0.9526108779327078,1.1127616544590149,1.0441940444481583,1.2177701167639468,1.0920914178262684,0.9530078191928599
2024-04-09,0.9573184499498387,1.1072626561296701,1.0441940444481583,1.2128839759083077,1.0888533072076716,0.9530078191928599
2024-04-10,0.9429920124604553,1.123833034803769,1.0441940444481583,1.2275440204402306,1.0986302349426191,0.9530078191928599
2024-04-11,0.9424179428783725,1.124517195806297,1.0447253038520055,1.228098421523253,1.0992551079114279,0.9530078191928599
2024-04-12,0.9470495580710014,1.1189906340851128,1.0395908880378648,1.2235633685246534,1.0938526994610676,0.9530078191928599
2024-04-15,0.9374768169349098,1.13030134911847,1.0500990334393538,1.2328594854059922,1.1049093212014167,0.9530078191928599
2024-04-16,0.9347007387324339,1.133648423820302,1.04999402353601,1.2355298217281536,1.106828254770701,0.9530078191928599
2024-04-17,0.9407416272714185,1.1263217539173969,1.04999402353601,1.229571456059903,1.1025362546629855,0.9530078191928599
2024-04-18,0.9372074801454181,1.1305530823439962,1.04999402353601,1.2329673321830779,1.1050214377713574,0.9530078191928599
2024-04-19,0.9388530602821116,1.1285680195535304,1.04999402353601,1.231377044887673,1.1038572976846812,0.9530078191928599
2024-04-22,0.9390251833431634,1.1283611154166122,1.04999402353601,1.2312113336047459,1.1037358733819358,0.9530078191928599
2024-04-23,0.9399359975579089,1.1272666534559346,1.04999402353601,1.2303311893948585,1.1030935274636582,0.9530078191928599
2024-04-24,0.9371489915447082,1.130609113953059,1.0467756848584049,1.2330195555883994,1.1037035606656176,0.9530078191928599
2024-04-25,0.9336414138649096,1.1348407775716067,1.0428577944684114,1.2364209937971802,1.1045297528739928,0.9530078191928599
2024-04-26,0.9360102039483728,1.1319615141410215,1.0455036830990077,1.2341056536283852,1.1039692809226327,0.9530078191928599
2024-04-29,0.93912160921395,1.1281987442474108,1.0489790572466962,1.2310863765310782,1.10323533682262,0.9530078191928599
2024-04-30,0.9348639135332181,1.1333136589435067,1.0488741593409714,1.2352251145896245,1.1061922502660049,0.9530078191928599
2024-05-01,0.93943511758611,1.1277720951758126,1.0488741593409714,1.2307592277376014,1.1029468813361576,0.9530078191928599
2024-05-02,0.9433008198134837,1.1231314009770552,1.0488741593409714,1.2270014914800988,1.1002237571079652,0.9530078191928599
2024-05-03,0.9494201016257431,1.1158455411427184,1.0555734179957184,1.220922975149373,1.0987522970021486,0.9530078191928599
2024-05-06,0.9503408902991896,1.1147633458807467,1.0565971587461167,1.2199839409038815,1.0985391735032317,0.9530078191928599
2024-05-07,0.9520149125738274,1.1127996940048743,1.0584583510794312,1.2182075520173135,1.0981521588930474,0.9530078191928599
2024-05-08,0.9514293669337378,1.113484131822509,1.0583525052443232,1.2188342328486321,1.0985134900355242,0.9530078191928599
2024-05-09,0.9538592502384625,1.1106403721110436,1.0583525052443232,1.2162234597524368,1.096830174584759,0.9530078191928599
2024-05-10,0.9502445852727526,1.1148491616589453,1.0583525052443232,1.2201062939043066,1.0993240479341535,0.9530078191928599
2024-05-13,0.9519180753263545,1.1128857840062674,1.0583525052443232,1.2183034339347676,1.0981624262495373,0.9530078191928599
2024-05-14,0.9543492067577456,1.1100435524328012,1.0583525052443232,1.2156973029118272,1.0964796487540185,0.9530078191928599
2024-05-15,0.9613308184159587,1.1019229473629668,1.0583525052443232,1.2078849713553557,1.0916668223517783,0.9530078191928599
2024-05-16,0.9599652692990013,1.1034882044824732,1.0583525052443232,1.2093625288209344,1.0925972354645486,0.9530078191928599
2024-05-17,0.9570757398797264,1.1068097430137611,1.0614323484737087,1.2125069829487363,1.095842287904407,0.9530078191928599
2024-05-20,0.95572301851416,1.108374096935406,1.062932566435627,1.2139947152737567,1.097391140533694,0.9530078191928599
2024-05-21,0.9581668256089618,1.105539957305708,1.0602146219089903,1.2112932445129647,1.094585084591693,0.9530078191928599
2024-05-22,0.9568114316317962,1.1071038208831134,1.0617143696299833,1.2127891622404259,1.0961334517355958,0.9530078191928599
2024-05-23,0.9539407913234418,1.1104253707190515,1.0648997413392458,1.2159642397391046,1.0994220881020338,0.9530078191928599
2024-05-24,0.9548659433453561,1.1093484566314586,1.063866978973073,1.214922973333243,1.098355845231411,0.9530078191928599
2024-05-28,0.9489785660328827,1.1161883203638667,1.07042641944652,1.2215320354201078,1.1051279322759893,0.9530078191928599
2024-05-29,0.9439035552077484,1.1221575466577922,1.0761509171966754,1.2272140134515683,1.1110380090893204,0.9530078191928599
2024-05-30,0.9485333965971909,1.116653370488175,1.0760433021049558,1.2220072749165,1.10772378662703,0.9530078191928599
2024-05-31,0.9516994836130223,1.1129261198186993,1.0760433021049558,1.2185114315720282,1.1055053197324225,0.9530078191928599
2024-06-03,0.9593966361806336,1.1039249988890092,1.0760433021049558,1.2100162278650768,1.1001406579310005,0.9530078191928599
2024-06-04,0.9656646427581597,1.0967127480918017,1.0689056059014328,1.2033741865191316,1.0929091256654746,0.9530078191928599
2024-06-05,0.9689126898915094,1.0930239160275217,1.0653103041420628,1.1999579041060526,1.0892330872195701,0.9530078191928599
2024-06-06,0.9698522870035164,1.09196396281856,1.0642772260374966,1.1989788453957724,1.0881768101434914,0.9530078191928599
2024-06-07,0.958380220113514,1.1048804489585584,1.076866214783743,1.210918238106724,1.101048499287707,0.9530078191928599
2024-06-10,0.9555048731019347,1.108195328200003,1.0800970452908483,1.2138177729903037,1.1043518818550724,0.9530078191928599
2024-06-11,0.9617318057640679,1.1009733266388912,1.0730581575165128,1.2075095641589957,1.0971549276613306,0.9530078191928599
2024-06-12,0.9680203364630029,1.0937743294530005,1.0660416908416646,1.2012689209931675,1.089980898058967,0.9530078191928599
2024-06-13,0.9735981121717681,1.0874719537116133,1.0598991117823922,1.1958705037719009,1.083700380235937,0.9530078191928599
2024-06-14,0.9768832217298654,1.090923801387827,1.0563228058516336,1.198864544670004,1.0843016593990784,0.9530078191928599
2024-06-17,0.9707699593033997,1.0840968815095722,1.062933195277502,1.1929627976391708,1.0829445635976742,0.9530078191928599
2024-06-18,0.975593955521783,1.0894840272557342,1.0576512171267856,1.1975665378569518,1.08402084751632,0.9530078191928599
2024-06-20,0.9734092331439705,1.0870442621043175,1.0600196966247357,1.1954917987592175,1.0835353413095257,0.9530078191928599
2024-06-21,0.9735733993836871,1.087227592981855,1.0598409234616144,1.1956476949033552,1.0835718891285777,0.9530078191928599
